OTU_ID	Taxonomy	Kingdom	Phylum	Class	Order	Family	Genus	Species	Details	MockA_2_T1	MockA_2_T2	MockA_2_T3	MockB_2_T1	MockB_2_T2	MockB_2_T3	MockC_2_T1	MockC_2_T2	MockC_2_T3	MockD_2_T1	MockD_2_T2	MockD_2_T3	MockE_2_T1	MockE_2_T2	MockE_2_T3	MockF_2_T1	MockF_2_T2	MockF_2_T3	pct_species	pct_genus	pct_above_genus	pct_unresolved	mean_support	mean_mapq	resolution_rank	resolution_depth_mode	top_confounder	confounded_reads	qual_n_reads
MH872962|SH1292197.10FU	Fungi;Ascomycota;Dothideomycetes;Pleosporales;Dacampiaceae;Aaosphaeria;Aaosphaeria_arxii	Fungi	Ascomycota	Dothideomycetes	Pleosporales	Dacampiaceae	Aaosphaeria	Aaosphaeria arxii		0	1	0	1	1	0	0	0	0	0	0	0	0	0	0	0	0	0	0.0	0.0	100.0	0.0	1.0	0.667	AboveGenus	5	Dothideomycetes	2	3
AB998450|SH1292407.10FU	Fungi;Ascomycota;Saccharomycetes;Saccharomycetales;Metschnikowiaceae;Metschnikowia;Metschnikowia_sp	Fungi	Ascomycota	Saccharomycetes	Saccharomycetales	Metschnikowiaceae	Metschnikowia	Metschnikowia sp		0	1	0	0	0	0	0	0	0	0	0	0	0	0	0	0	0	0	0.0	100.0	0.0	0.0	1.0	0.0	Genus	6	Metschnikowia sp	1	1
NR_156313|SH1292419.10FU	Fungi;Ascomycota;Saccharomycetes;Saccharomycetales;Metschnikowiaceae;Metschnikowia;Metschnikowia_kofuensis	Fungi	Ascomycota	Saccharomycetes	Saccharomycetales	Metschnikowiaceae	Metschnikowia	Metschnikowia kofuensis		2	0	2	0	0	0	0	0	0	0	0	0	0	7	1	0	0	0	83.331	8.333	8.336	0.0	0.992	2.75	Species	7	Gibbosporina mascarena	1	12
AF038320|SH1292487.10FU	Fungi;Ascomycota;Eurotiomycetes;Onygenales;Ajellomycetaceae;Emmonsiellopsis;Emmonsiellopsis_terrestris	Fungi	Ascomycota	Eurotiomycetes	Onygenales	Ajellomycetaceae	Emmonsiellopsis	Emmonsiellopsis terrestris		7	9	6	0	0	1	3	6	3	0	0	1	9	10	4	0	0	0	3.39	0.0	96.61	0.0	0.987	0.966	AboveGenus	5	Saccharomycetes	10	59
EU343830|SH1295583.10FU	Fungi;Ascomycota;Saccharomycetes;Saccharomycetales;Metschnikowiaceae;Clavispora;Clavispora_fructus	Fungi	Ascomycota	Saccharomycetes	Saccharomycetales	Metschnikowiaceae	Clavispora	Clavispora fructus		0	0	2	0	0	0	0	0	0	0	0	0	0	0	0	0	0	0	100.0	0.0	0.0	0.0	1.0	4.5	Species	7		0	2
KM887880|SH1298901.10FU	Fungi;Ascomycota;Lecanoromycetes;Peltigerales;Pannariaceae;Gibbosporina;Gibbosporina_mascarena	Fungi	Ascomycota	Lecanoromycetes	Peltigerales	Pannariaceae	Gibbosporina	Gibbosporina mascarena		9	16	20	0	0	0	8	6	4	0	0	0	8	4	3	0	0	0	3.846	0.0	96.154	0.0	0.989	1.156	AboveGenus	5	Lecanoromycetes	15	78
MK050333|SH1303800.10FU	Fungi;Basidiomycota;Tremellomycetes;Tremellales;Bulleribasidiaceae;Vishniacozyma;Vishniacozyma_pseudopenaeus	Fungi	Basidiomycota	Tremellomycetes	Tremellales	Bulleribasidiaceae	Vishniacozyma	Vishniacozyma pseudopenaeus		7	2	10	0	0	0	2	0	0	0	0	0	0	0	0	0	0	0	47.618	0.0	52.382	0.0	0.975	1.0	AboveGenus	5	Saccharomycetales fam Incertae sedis	3	21
KY174990|SH1304456.10FU	Fungi;Basidiomycota;Agaricomycetes;Polyporales;Steccherinaceae;Steccherinum;Steccherinum_neonitidum	Fungi	Basidiomycota	Agaricomycetes	Polyporales	Steccherinaceae	Steccherinum	Steccherinum neonitidum		2	0	1	0	1	1	0	0	0	0	0	0	0	0	0	0	0	0	0.0	0.0	100.0	0.0	1.0	0.4	AboveGenus	5	Ascomycota	2	5
EF669946|SH1307239.10FU	Fungi;Ascomycota;Eurotiomycetes;Eurotiales;Aspergillaceae;Aspergillus;Aspergillus_fischeri	Fungi	Ascomycota	Eurotiomycetes	Eurotiales	Aspergillaceae	Aspergillus	Aspergillus fischeri		0	0	0	0	0	0	1	0	0	0	0	0	0	0	0	0	0	0	0.0	0.0	100.0	0.0	1.0	0.0	AboveGenus	5	Saccharomycetes	1	1
EF669702|SH1307925.10FU	Fungi;Ascomycota;Eurotiomycetes;Eurotiales;Aspergillaceae;Aspergillus;Aspergillus_citrisporus	Fungi	Ascomycota	Eurotiomycetes	Eurotiales	Aspergillaceae	Aspergillus	Aspergillus citrisporus		0	0	2	0	0	0	0	0	0	0	0	0	0	0	0	0	0	0	0.0	0.0	100.0	0.0	0.983	1.0	AboveGenus	5	Penicillium	1	2
HE649956|SH1309406.10FU	Fungi;Basidiomycota;Agaricomycetes;Agaricales;Lyophyllaceae;Ossicaulis;Ossicaulis_lachnopus	Fungi	Basidiomycota	Agaricomycetes	Agaricales	Lyophyllaceae	Ossicaulis	Ossicaulis lachnopus		1	0	1	0	1	0	1	0	0	0	0	0	0	1	0	0	0	0	20.0	0.0	80.0	0.0	0.983	0.6	AboveGenus	5	Basidiomycota	1	5
JF519032|SH1314914.10FU	Fungi;Ascomycota;Leotiomycetes;Helotiales;Hyaloscyphaceae;Hyaloscyphaceae_gen_Incertae_sedis;Hyaloscyphaceae_sp	Fungi	Ascomycota	Leotiomycetes	Helotiales	Hyaloscyphaceae	Hyaloscyphaceae gen Incertae sedis	Hyaloscyphaceae sp		1	2	1	0	0	0	0	2	0	0	0	0	1	1	0	0	0	0	25.0	0.0	75.0	0.0	0.974	0.625	AboveGenus	5	Dothideomycetes	1	8
LC440109|SH1316763.10FU	Fungi;Ascomycota;Saccharomycetes;Saccharomycetales;Saccharomycetales_fam_Incertae_sedis;Candida;Candida_xylosifermentans	Fungi	Ascomycota	Saccharomycetes	Saccharomycetales	Saccharomycetales fam Incertae sedis	Candida	Candida xylosifermentans		1	0	1	0	0	0	0	0	1	0	0	0	0	0	0	0	0	0	66.667	0.0	33.333	0.0	1.0	6.0	Species	7	Saccharomycetes	1	3
AY540126|SH1317812.10FU	Fungi;Ascomycota;Leotiomycetes;Helotiales;Dermateaceae;Pezicula;Pezicula_ericae	Fungi	Ascomycota	Leotiomycetes	Helotiales	Dermateaceae	Pezicula	Pezicula ericae		0	0	0	0	0	0	0	0	0	0	0	0	1	0	1	0	0	0	50.0	50.0	0.0	0.0	1.0	6.5	Species	7	Metschnikowia sp	1	2
KF499360|SH1320364.10FU	Fungi;Ascomycota;Leotiomycetes;Helotiales;Rutstroemiaceae;Bicornispora;Bicornispora_seditiosa	Fungi	Ascomycota	Leotiomycetes	Helotiales	Rutstroemiaceae	Bicornispora	Bicornispora seditiosa		5	0	2	0	0	0	1	1	1	0	0	0	5	11	2	0	0	0	39.284	24.999	35.713	0.0	0.985	1.18	Species	7	Metschnikowia sp	5	28
AB747653|SH1326507.10FU	Fungi;Ascomycota;Saccharomycetes;Saccharomycetales;Lipomycetaceae;Lipomyces;Lipomyces_kononenkoae	Fungi	Ascomycota	Saccharomycetes	Saccharomycetales	Lipomycetaceae	Lipomyces	Lipomyces kononenkoae		4	2	6	367	123	118	8	9	7	0	2	0	15	9	7	3	0	3	61.056	15.078	23.865	0.0	0.989	0.978	Species	7	Yamadazyma tumulicola	78	683
AB747658|SH1326511.10FU	Fungi;Ascomycota;Saccharomycetes;Saccharomycetales;Lipomycetaceae;Lipomyces;Lipomyces_spencermartinsiae	Fungi	Ascomycota	Saccharomycetes	Saccharomycetales	Lipomycetaceae	Lipomyces	Lipomyces spencermartinsiae		1	2	2	161	55	47	23	13	17	1	1	0	40	55	14	5	1	3	46.261	29.026	24.718	0.0	0.99	1.029	Species	7	Lipomyces kononenkoae	89	441
MK530453|SH1326679.10FU	Fungi;Ascomycota;Leotiomycetes;Helotiales;Erysiphaceae;Podosphaera;Podosphaera_ampla	Fungi	Ascomycota	Leotiomycetes	Helotiales	Erysiphaceae	Podosphaera	Podosphaera ampla		2	4	3	0	0	0	3	2	1	0	0	0	6	1	2	0	1	0	19.999	4.0	76.001	0.0	0.982	0.921	AboveGenus	5	Saccharomycetales fam Incertae sedis	3	25
AB054117|SH1332013.10FU	Fungi;Ascomycota;Saccharomycetes;Saccharomycetales;Debaryomycetaceae;Priceomyces;Priceomyces_haplophilus	Fungi	Ascomycota	Saccharomycetes	Saccharomycetales	Debaryomycetaceae	Priceomyces	Priceomyces haplophilus		0	0	0	1	0	0	0	0	0	0	0	0	0	0	0	0	0	0	100.0	0.0	0.0	0.0	0.999	1.0	Species	7		0	1
KU519068|SH1336364.10FU	Fungi;Basidiomycota;Agaricomycetes;Agaricales;Agaricaceae;Tulostoma;Tulostoma_eckbladii	Fungi	Basidiomycota	Agaricomycetes	Agaricales	Agaricaceae	Tulostoma	Tulostoma eckbladii		1	0	0	0	0	0	0	0	0	0	0	0	0	0	0	0	0	0	0.0	0.0	100.0	0.0	1.0	1.0	AboveGenus	5	Agaricaceae	1	1
AJ697745|SH1336435.10FU	Fungi;Ascomycota;Saccharomycetes;Saccharomycetales;Saccharomycetales_fam_Incertae_sedis;Candida;Candida_sp	Fungi	Ascomycota	Saccharomycetes	Saccharomycetales	Saccharomycetales fam Incertae sedis	Candida	Candida sp		0	0	0	1	0	0	0	0	0	0	0	0	0	0	0	0	0	0	0.0	100.0	0.0	0.0	1.0	0.0	Genus	6	Candida digboiensis	1	1
MK926862|SH1338238.10FU	Fungi;Ascomycota;Sordariomycetes;Sordariales;Lasiosphaeriaceae;Schizothecium;Schizothecium_fimicola	Fungi	Ascomycota	Sordariomycetes	Sordariales	Lasiosphaeriaceae	Schizothecium	Schizothecium fimicola		0	0	0	0	0	0	0	0	0	0	0	0	2	0	0	0	0	0	0.0	0.0	100.0	0.0	0.963	1.0	AboveGenus	5	Saccharomycetaceae	1	2
KJ507660|SH1339598.10FU	Fungi;Ascomycota;Saccharomycetes;Saccharomycetales;Saccharomycodaceae;Hanseniaspora;Hanseniaspora_uvarum	Fungi	Ascomycota	Saccharomycetes	Saccharomycetales	Saccharomycodaceae	Hanseniaspora	Hanseniaspora uvarum		0	0	2	1	2	0	275	382	220	0	2	1	516	320	227	103	46	61	87.396	12.512	0.092	0.0	0.996	22.963	Species	7	Hanseniaspora sp	191	2158
KF570166|SH1342290.10FU	Fungi;Ascomycota;Sordariomycetes;Diaporthales;Stilbosporaceae;Stilbospora;Stilbospora_orientalis	Fungi	Ascomycota	Sordariomycetes	Diaporthales	Stilbosporaceae	Stilbospora	Stilbospora orientalis		0	1	0	0	0	0	0	0	0	0	0	0	0	0	0	0	0	0	0.0	0.0	100.0	0.0	1.0	1.0	AboveGenus	5	Leotiomycetes	1	1
MN954345|SH1344686.10FU	Fungi;Ascomycota;Sordariomycetes;Hypocreales;Nectriaceae;Fusarium;Fusarium_awan	Fungi	Ascomycota	Sordariomycetes	Hypocreales	Nectriaceae	Fusarium	Fusarium awan		0	0	0	0	0	0	0	0	0	0	0	0	0	1	0	0	0	0	0.0	0.0	100.0	0.0	1.0	0.0	AboveGenus	5	Lecanoromycetes	1	1
MG776374|SH1354955.10FU	Fungi;Ascomycota;Saccharomycetes;Saccharomycetales;Dipodascaceae;Dipodascus;Dipodascus_sp	Fungi	Ascomycota	Saccharomycetes	Saccharomycetales	Dipodascaceae	Dipodascus	Dipodascus sp		0	0	0	21	7	9	0	0	0	0	0	1	0	0	0	0	0	0	97.369	0.0	2.631	0.0	0.988	1.053	Species	7	Geotrichum ghanense	10	38
MH153596|SH1354959.10FU	Fungi;Ascomycota;Saccharomycetes;Saccharomycetales;Dipodascaceae;Dipodascus;Dipodascus_sp	Fungi	Ascomycota	Saccharomycetes	Saccharomycetales	Dipodascaceae	Dipodascus	Dipodascus sp		1	1	7	9966	3724	3698	2	3	6	2	5	11	5	6	3	13	17	88	99.744	0.0	0.256	0.0	0.999	11.665	Species	7	Geotrichum ghanense	136	17558
UDB05237940|SH1354967.10FU	Fungi;Ascomycota;Saccharomycetes;Saccharomycetales;Dipodascaceae;Dipodascus;Dipodascus_sp	Fungi	Ascomycota	Saccharomycetes	Saccharomycetales	Dipodascaceae	Dipodascus	Dipodascus sp		0	0	0	442	167	176	0	0	0	0	0	3	0	0	0	1	2	5	99.496	0.0	0.504	0.0	0.999	1.138	Species	7	Geotrichum ghanense	14	796
MH153552|SH1354973.10FU	Fungi;Ascomycota;Saccharomycetes;Saccharomycetales;Dipodascaceae;Dipodascus;Dipodascus_sp	Fungi	Ascomycota	Saccharomycetes	Saccharomycetales	Dipodascaceae	Dipodascus	Dipodascus sp		0	0	0	58	12	23	1	0	0	0	0	0	0	0	0	0	1	1	81.25	1.039	17.711	0.0	0.993	13.834	Species	7	Geotrichum	5	96
MK926830|SH1355232.10FU	Fungi;Ascomycota;Sordariomycetes;Sordariales;Chaetomiaceae;Pseudothielavia;Pseudothielavia_arxii	Fungi	Ascomycota	Sordariomycetes	Sordariales	Chaetomiaceae	Pseudothielavia	Pseudothielavia arxii		0	0	1	0	0	0	0	0	0	0	0	0	0	0	0	0	0	0	0.0	0.0	100.0	0.0	1.0	0.0	AboveGenus	5	Saccharomycetes	1	1
MK926837|SH1355506.10FU	Fungi;Ascomycota;Sordariomycetes;Sordariales;Chaetomiaceae;Thermothielavioides;Thermothielavioides_terrestris	Fungi	Ascomycota	Sordariomycetes	Sordariales	Chaetomiaceae	Thermothielavioides	Thermothielavioides terrestris		0	2	2	0	0	0	0	0	0	0	0	0	0	0	0	0	0	0	50.0	0.0	50.0	0.0	0.945	1.0	Species	7	Pyrigemmula aurantiaca	1	4
JN600649|SH1356099.10FU	Fungi;Ascomycota;Saccharomycetes;Saccharomycetales;Saccharomycodaceae;Hanseniaspora;Hanseniaspora_hatyaiensis	Fungi	Ascomycota	Saccharomycetes	Saccharomycetales	Saccharomycodaceae	Hanseniaspora	Hanseniaspora hatyaiensis		0	0	0	0	0	0	0	0	0	0	0	0	0	1	0	0	0	0	0.0	100.0	0.0	0.0	1.0	1.0	Genus	6	Hanseniaspora uvarum	1	1
KJ707079|SH1356105.10FU	Fungi;Ascomycota;Saccharomycetes;Saccharomycetales;Saccharomycodaceae;Hanseniaspora;Hanseniaspora_uvarum	Fungi	Ascomycota	Saccharomycetes	Saccharomycetales	Saccharomycodaceae	Hanseniaspora	Hanseniaspora uvarum		0	0	0	0	0	0	0	0	0	0	0	0	0	1	0	0	0	0	0.0	100.0	0.0	0.0	1.0	1.0	Genus	6	Hanseniaspora opuntiae	1	1
AJ271031|SH1356106.10FU	Fungi;Ascomycota;Saccharomycetes;Saccharomycetales;Saccharomycodaceae;Hanseniaspora;Hanseniaspora_uvarum	Fungi	Ascomycota	Saccharomycetes	Saccharomycetales	Saccharomycodaceae	Hanseniaspora	Hanseniaspora uvarum		0	0	0	0	0	0	2	1	2	0	0	0	3	3	3	0	1	0	73.335	26.665	0.0	0.0	0.984	1.801	Species	7	Hanseniaspora sp	4	15
JQ002681|SH1356857.10FU	Fungi;Basidiomycota;Tremellomycetes;Cystofilobasidiales;Mrakiaceae;Udeniomyces;Udeniomyces_kanasensis	Fungi	Basidiomycota	Tremellomycetes	Cystofilobasidiales	Mrakiaceae	Udeniomyces	Udeniomyces kanasensis		1	0	1	0	0	0	0	0	0	1	0	0	0	1	0	0	0	0	25.0	0.0	75.0	0.0	1.0	1.0	AboveGenus	5	Basidiomycota	2	4
MN631375|SH1357460.10FU	Fungi;Ascomycota;Leotiomycetes;Helotiales;Erysiphaceae;Neoerysiphe;Neoerysiphe_sechii	Fungi	Ascomycota	Leotiomycetes	Helotiales	Erysiphaceae	Neoerysiphe	Neoerysiphe sechii		0	0	1	0	0	0	0	0	0	0	0	0	0	0	0	1	0	0	0.0	0.0	100.0	0.0	1.0	1.0	AboveGenus	5	Basidiomycota	1	2
KY242683|SH1358201.10FU	Fungi;Glomeromycota;Paraglomeromycetes;Paraglomerales;Paraglomerales_fam_Incertae_sedis;Paraglomerales_gen_Incertae_sedis;Paraglomerales_sp	Fungi	Glomeromycota	Paraglomeromycetes	Paraglomerales	Paraglomerales fam Incertae sedis	Paraglomerales gen Incertae sedis	Paraglomerales sp		0	0	0	1	0	0	0	0	0	0	0	0	0	0	0	0	0	0	0.0	0.0	100.0	0.0	1.0	1.0	AboveGenus	5	Basidiomycota	1	1
MK050336|SH1358782.10FU	Fungi;Basidiomycota;Tremellomycetes;Holtermanniales;Holtermanniaceae;Holtermannia;Holtermannia_saccardoi	Fungi	Basidiomycota	Tremellomycetes	Holtermanniales	Holtermanniaceae	Holtermannia	Holtermannia saccardoi		0	2	5	0	0	0	0	0	0	1	1	0	0	0	0	0	0	0	33.333	22.222	44.444	0.0	0.978	1.444	AboveGenus	5	Basidiomycota	2	9
KU709855|SH1363667.10FU	Fungi;Basidiomycota;Agaricomycetes;Agaricales;Agaricales_fam_Incertae_sedis;Atractosporocybe;Atractosporocybe_polaris	Fungi	Basidiomycota	Agaricomycetes	Agaricales	Agaricales fam Incertae sedis	Atractosporocybe	Atractosporocybe polaris		1	0	2	0	0	0	0	0	1	0	0	0	0	1	0	0	0	0	20.0	0.0	80.0	0.0	0.966	0.6	AboveGenus	5	Hymenochaetales	1	5
AM947668|SH1370164.10FU	Fungi;Ascomycota;Sordariomycetes;Hypocreales;Bionectriaceae;Geosmithia;Geosmithia_rufescens	Fungi	Ascomycota	Sordariomycetes	Hypocreales	Bionectriaceae	Geosmithia	Geosmithia rufescens		1	2	0	0	0	0	0	0	0	0	0	0	0	0	0	0	0	0	0.0	0.0	100.0	0.0	1.0	1.0	AboveGenus	5	Sordariomycetes	2	3
MF767817|SH1382628.10FU	Fungi;Ascomycota;Saccharomycetes;Saccharomycetales;Saccharomycetales_fam_Incertae_sedis;Candida;Candida_albicans	Fungi	Ascomycota	Saccharomycetes	Saccharomycetales	Saccharomycetales fam Incertae sedis	Candida	Candida albicans		29	40	52	227	52	74	52	26	31	5	1	9	144	138	43	9	4	4	35.425	4.256	60.319	0.0	0.99	8.258	AboveGenus	5	Saccharomycetaceae	137	940
KX190848|SH1384629.10FU	Fungi;Basidiomycota;Pucciniomycetes;Pucciniales;Pucciniaceae;Puccinia;Puccinia_emaculata	Fungi	Basidiomycota	Pucciniomycetes	Pucciniales	Pucciniaceae	Puccinia	Puccinia emaculata		0	0	1	0	0	0	0	0	0	0	0	0	0	0	0	0	0	0	100.0	0.0	0.0	0.0	1.0	1.0	Species	7		0	1
KT899450|SH1393437.10FU	Fungi;Ascomycota;Sordariomycetes;Hypocreales;Nectriaceae;Fusarium;Fusarium_sp	Fungi	Ascomycota	Sordariomycetes	Hypocreales	Nectriaceae	Fusarium	Fusarium sp		0	0	0	0	0	0	0	0	0	0	0	0	1	0	0	0	0	0	0.0	0.0	100.0	0.0	1.0	0.0	AboveGenus	5	Ophiostomatales	1	1
OR295781|SH1393960.10FU	Fungi;Ascomycota;Saccharomycetes;Saccharomycetales;Metschnikowiaceae;Metschnikowia;Metschnikowia_pulcherrima	Fungi	Ascomycota	Saccharomycetes	Saccharomycetales	Metschnikowiaceae	Metschnikowia	Metschnikowia pulcherrima		0	0	0	0	0	0	0	0	0	0	0	0	2	2	0	0	0	0	25.0	50.0	25.0	0.0	0.979	0.25	Genus	6	Metschnikowia sinensis	1	4
FJ623593|SH1393972.10FU	Fungi;Ascomycota;Saccharomycetes;Saccharomycetales;Metschnikowiaceae;Metschnikowia;Metschnikowia_chrysoperlae	Fungi	Ascomycota	Saccharomycetes	Saccharomycetales	Metschnikowiaceae	Metschnikowia	Metschnikowia chrysoperlae		700	638	1387	0	2	1	432	277	239	0	0	1	2806	2374	989	6	6	2	71.573	28.247	0.182	0.0	0.981	18.33	Species	7	Metschnikowia sp	6191	9860
AY494780|SH1393982.10FU	Fungi;Ascomycota;Saccharomycetes;Saccharomycetales;Metschnikowiaceae;Metschnikowia;Metschnikowia_picachoensis	Fungi	Ascomycota	Saccharomycetes	Saccharomycetales	Metschnikowiaceae	Metschnikowia	Metschnikowia picachoensis		2	3	2	0	0	0	0	0	0	0	0	0	4	8	2	0	0	0	52.381	47.619	0.0	0.0	0.992	8.189	Species	7	Metschnikowia pulcherrima	4	21
JN572902|SH1397948.10FU	Fungi;Basidiomycota;Agaricomycetes;Agaricales;Lycoperdaceae;Lycoperdon;Lycoperdon_rupicola	Fungi	Basidiomycota	Agaricomycetes	Agaricales	Lycoperdaceae	Lycoperdon	Lycoperdon rupicola		1	0	0	0	0	0	0	0	0	0	0	0	0	0	0	0	0	0	0.0	0.0	100.0	0.0	0.984	0.0	AboveGenus	5	Debaryomycetaceae	1	1
MN338569|SH1397949.10FU	Fungi;Basidiomycota;Agaricomycetes;Agaricales;Agaricaceae;Disciseda;Disciseda_cervina	Fungi	Basidiomycota	Agaricomycetes	Agaricales	Agaricaceae	Disciseda	Disciseda cervina		0	0	0	0	0	0	0	0	0	0	0	0	1	0	0	0	0	0	0.0	0.0	100.0	0.0	1.0	0.0	AboveGenus	5	Lycoperdaceae	1	1
MH712825|SH1398454.10FU	Fungi;Basidiomycota;Tremellomycetes;Tremellales;Tremellaceae;Tremella;Tremella_cheejenii	Fungi	Basidiomycota	Tremellomycetes	Tremellales	Tremellaceae	Tremella	Tremella cheejenii		0	0	0	0	0	0	0	0	1	0	0	0	0	0	0	0	0	0	100.0	0.0	0.0	0.0	1.0	2.0	Species	7		0	1
AY174797|SH1403854.10FU	Fungi;Basidiomycota;Agaricomycetes;Agaricales;Cortinariaceae;Cortinarius;Cortinarius_saginus	Fungi	Basidiomycota	Agaricomycetes	Agaricales	Cortinariaceae	Cortinarius	Cortinarius saginus		0	0	0	0	0	0	0	0	0	0	0	0	1	0	0	0	0	1	0.0	0.0	100.0	0.0	1.0	0.5	AboveGenus	5	Ascomycota	1	2
AY500375|SH1409562.10FU	Fungi;Ascomycota;Saccharomycetes;Saccharomycetales;Saccharomycetales_fam_Incertae_sedis;Candida;Candida_haemuloni	Fungi	Ascomycota	Saccharomycetes	Saccharomycetales	Saccharomycetales fam Incertae sedis	Candida	Candida haemuloni		3588	2887	6326	6	3	3	1977	1378	846	3	1	2	6	5	3	19	19	10	97.945	0.0	2.055	0.0	0.999	50.115	Species	7	Saccharomycetales gen Incertae sedis	301	17082
JX459687|SH1409563.10FU	Fungi;Ascomycota;Saccharomycetes;Saccharomycetales;Saccharomycetales_fam_Incertae_sedis;Saccharomycetales_gen_Incertae_sedis;Saccharomycetales_sp	Fungi	Ascomycota	Saccharomycetes	Saccharomycetales	Saccharomycetales fam Incertae sedis	Saccharomycetales gen Incertae sedis	Saccharomycetales sp		2	5	9	0	0	0	5	0	1	0	0	0	0	0	0	0	1	0	52.172	0.0	47.828	0.0	0.994	10.045	Species	7	Candida	5	23
MW561274|SH1410112.10FU	Fungi;Basidiomycota;Microbotryomycetes;Kriegeriales;Camptobasidiaceae;Camptobasidiaceae_gen_Incertae_sedis;Camptobasidiaceae_sp	Fungi	Basidiomycota	Microbotryomycetes	Kriegeriales	Camptobasidiaceae	Camptobasidiaceae gen Incertae sedis	Camptobasidiaceae sp		150	140	262	1	1	0	0	0	1	446	199	317	0	0	1	1	2	3	76.576	0.524	22.901	0.0	0.99	8.937	Species	7	Camptobasidiaceae sp	84	1524
AB385698|SH1417374.10FU	Fungi;Ascomycota;Dothideomycetes;Venturiales;Sympoventuriaceae;Verruconis;Verruconis_calidifluminalis	Fungi	Ascomycota	Dothideomycetes	Venturiales	Sympoventuriaceae	Verruconis	Verruconis calidifluminalis		28	23	42	0	0	0	18	10	8	0	0	0	4	7	2	0	0	0	7.747	0.705	91.549	0.0	0.988	2.712	AboveGenus	5	Dothideomycetes	25	142
MW036827|SH1417387.10FU	Fungi;Ascomycota;Saccharomycetes;Saccharomycetales;Saccharomycetaceae;Zygotorulaspora;Zygotorulaspora_dagestanica	Fungi	Ascomycota	Saccharomycetes	Saccharomycetales	Saccharomycetaceae	Zygotorulaspora	Zygotorulaspora dagestanica		376	330	638	15	9	4	1678	810	902	517	198	489	1946	1999	563	1071	363	800	78.36	1.519	20.121	0.0	0.992	39.966	Species	7	Saccharomycetaceae	787	12708
MT376718|SH1481848.10FU	Fungi;Glomeromycota;Glomeromycetes;Glomerales;Glomeraceae;Funneliformis;Funneliformis_pilosus	Fungi	Glomeromycota	Glomeromycetes	Glomerales	Glomeraceae	Funneliformis	Funneliformis pilosus		0	0	0	1	0	0	0	0	0	0	0	0	0	0	0	0	0	0	0.0	0.0	100.0	0.0	1.0	1.0	AboveGenus	5	Glomeromycota	1	1
AF005712|SH1494681.10FU	Fungi;Ascomycota;Saccharomycetes;Saccharomycetales;Saccharomycetaceae;Saccharomyces;Saccharomyces_pastorianus	Fungi	Ascomycota	Saccharomycetes	Saccharomycetales	Saccharomycetaceae	Saccharomyces	Saccharomyces pastorianus		0	0	0	0	0	0	0	0	0	0	0	0	0	0	0	2	0	0	100.0	0.0	0.0	0.0	0.985	1.0	Species	7	Yamadazyma takamatsuzukensis	1	2
AY046152|SH1494803.10FU	Fungi;Ascomycota;Saccharomycetes;Saccharomycetales;Saccharomycetaceae;Saccharomyces;Saccharomyces_bayanus	Fungi	Ascomycota	Saccharomycetes	Saccharomycetales	Saccharomycetaceae	Saccharomyces	Saccharomyces bayanus		1	2	3	2	10	2	17	7	8	10	9	11	1698	1141	681	8552	4550	6737	97.864	2.093	0.036	0.0	0.999	53.648	Species	7	Saccharomyces cerevisiae	964	23441
KY104205|SH1499663.10FU	Fungi;Ascomycota;Saccharomycetes;Saccharomycetales;Metschnikowiaceae;Metschnikowia;Metschnikowia_pulcherrima	Fungi	Ascomycota	Saccharomycetes	Saccharomycetales	Metschnikowiaceae	Metschnikowia	Metschnikowia pulcherrima		635	491	1126	0	1	1	373	264	216	0	2	1	2132	1840	799	4	4	7	62.02	37.879	0.1	0.0	0.984	27.174	Species	7	Metschnikowia sp	5476	7896
AF444510|SH1697927.10FU	Fungi;Basidiomycota;Microbotryomycetes;Sporidiobolales;Sporidiobolaceae;Rhodotorula;Rhodotorula_araucariae	Fungi	Basidiomycota	Microbotryomycetes	Sporidiobolales	Sporidiobolaceae	Rhodotorula	Rhodotorula araucariae		0	0	0	0	0	0	0	0	0	1	0	0	0	0	0	0	0	0	0.0	100.0	0.0	0.0	0.968	1.0	Genus	6	Rhodotorula sp	1	1
AF444505|SH1697987.10FU	Fungi;Basidiomycota;Microbotryomycetes;Sporidiobolales;Sporidiobolaceae;Rhodotorula;Rhodotorula_graminis	Fungi	Basidiomycota	Microbotryomycetes	Sporidiobolales	Sporidiobolaceae	Rhodotorula	Rhodotorula graminis		79	72	130	1	0	0	0	0	0	2	0	0	0	0	0	0	0	0	87.323	11.268	1.41	0.0	0.99	28.202	Species	7	Rhodotorula sp	46	284
AF444501|SH1697992.10FU	Fungi;Basidiomycota;Microbotryomycetes;Sporidiobolales;Sporidiobolaceae;Rhodotorula;Rhodotorula_dairenensis	Fungi	Basidiomycota	Microbotryomycetes	Sporidiobolales	Sporidiobolaceae	Rhodotorula	Rhodotorula dairenensis		0	0	2	0	0	0	1	0	0	1	4	3	0	0	0	0	0	0	27.272	72.728	0.0	0.0	0.991	2.454	Genus	6	Rhodotorula mucilaginosa	7	11
EF652042|SH1698877.10FU	Fungi;Ascomycota;Eurotiomycetes;Eurotiales;Aspergillaceae;Aspergillus;Aspergillus_restrictus	Fungi	Ascomycota	Eurotiomycetes	Eurotiales	Aspergillaceae	Aspergillus	Aspergillus restrictus		0	0	0	0	0	0	0	0	0	0	0	0	1	1	0	0	0	0	50.0	0.0	50.0	0.0	0.952	0.5	Species	7	Aspergillus restrictus	1	2
EF661210|SH1715061.10FU	Fungi;Ascomycota;Eurotiomycetes;Eurotiales;Aspergillaceae;Aspergillus;Aspergillus_biplanus	Fungi	Ascomycota	Eurotiomycetes	Eurotiales	Aspergillaceae	Aspergillus	Aspergillus biplanus		0	0	1	0	0	0	0	0	0	0	0	0	0	0	0	0	0	0	0.0	0.0	100.0	0.0	1.0	0.0	AboveGenus	5	Onygenales	1	1
EF592109|SH1755494.10FU	Fungi;Basidiomycota;Microbotryomycetes;Sporidiobolales;Sporidiobolaceae;Sporobolomyces;Sporobolomyces_johnsonii	Fungi	Basidiomycota	Microbotryomycetes	Sporidiobolales	Sporidiobolaceae	Sporobolomyces	Sporobolomyces johnsonii		0	0	0	0	0	0	0	0	0	0	1	0	0	0	0	0	0	0	100.0	0.0	0.0	0.0	1.0	5.0	Species	7		0	1
MZ351727|SH1785428.10FU	Fungi;Basidiomycota;Agaricomycetes;Agaricales;Porotheleaceae;Chrysomycena;Chrysomycena_dunicola	Fungi	Basidiomycota	Agaricomycetes	Agaricales	Porotheleaceae	Chrysomycena	Chrysomycena dunicola		0	0	0	0	0	0	0	0	0	0	0	0	2	0	0	0	0	0	0.0	0.0	100.0	0.0	0.988	1.0	AboveGenus	5	Saccharomycetales fam Incertae sedis	1	2
KF000452|SH1792012.10FU	Fungi;Basidiomycota;Agaricomycetes;Sebacinales;Sebacinaceae;Sebacina;Sebacina_cystidiata	Fungi	Basidiomycota	Agaricomycetes	Sebacinales	Sebacinaceae	Sebacina	Sebacina cystidiata		0	1	0	0	0	0	0	0	0	0	1	0	0	0	0	0	0	0	0.0	0.0	100.0	0.0	0.953	1.0	AboveGenus	5	Ascomycota	1	2
KF932961|SH1802217.10FU	Fungi;Ascomycota;Eurotiomycetes;Eurotiales;Aspergillaceae;Penicillium;Penicillium_fluviserpens	Fungi	Ascomycota	Eurotiomycetes	Eurotiales	Aspergillaceae	Penicillium	Penicillium fluviserpens		0	0	0	0	0	0	1	0	0	0	0	0	0	1	0	0	0	0	0.0	0.0	100.0	0.0	1.0	0.5	AboveGenus	5	Basidiomycota	1	2
EF669943|SH1803035.10FU	Fungi;Ascomycota;Eurotiomycetes;Eurotiales;Aspergillaceae;Aspergillus;Aspergillus_spathulatus	Fungi	Ascomycota	Eurotiomycetes	Eurotiales	Aspergillaceae	Aspergillus	Aspergillus spathulatus		0	0	1	1	0	0	0	0	0	0	0	0	0	0	0	0	0	0	0.0	0.0	100.0	0.0	0.988	0.5	AboveGenus	5	Eurotiomycetes	1	2
HE974447|SH1803211.10FU	Fungi;Ascomycota;Eurotiomycetes;Eurotiales;Aspergillaceae;Aspergillus;Aspergillus_tsunodae	Fungi	Ascomycota	Eurotiomycetes	Eurotiales	Aspergillaceae	Aspergillus	Aspergillus tsunodae		0	0	1	0	0	0	0	0	0	0	0	0	0	0	0	0	0	0	0.0	0.0	100.0	0.0	0.962	0.0	AboveGenus	5	Eurotiomycetes	1	1
EF669947|SH1803228.10FU	Fungi;Ascomycota;Eurotiomycetes;Eurotiales;Aspergillaceae;Aspergillus;Aspergillus_quadricinctus	Fungi	Ascomycota	Eurotiomycetes	Eurotiales	Aspergillaceae	Aspergillus	Aspergillus quadricinctus		1	1	0	0	0	0	0	0	0	0	0	0	0	0	0	0	0	0	0.0	0.0	100.0	0.0	0.921	0.0	AboveGenus	5	Chaetothyriales	1	2
EF661400|SH1804371.10FU	Fungi;Ascomycota;Eurotiomycetes;Eurotiales;Aspergillaceae;Aspergillus;Aspergillus_sclerotiorum	Fungi	Ascomycota	Eurotiomycetes	Eurotiales	Aspergillaceae	Aspergillus	Aspergillus sclerotiorum		0	0	0	0	0	0	0	0	0	0	0	0	0	2	0	0	0	0	0.0	0.0	100.0	0.0	0.958	0.5	AboveGenus	5	Elaphomycetaceae	1	2
MK919304|SH1872765.10FU	Fungi;Ascomycota;Sordariomycetes;Sordariales;Chaetomiaceae;Parachaetomium;Parachaetomium_hispanicum	Fungi	Ascomycota	Sordariomycetes	Sordariales	Chaetomiaceae	Parachaetomium	Parachaetomium hispanicum		1	0	0	0	0	0	0	0	0	0	0	0	0	0	0	0	0	0	0.0	0.0	100.0	0.0	1.0	1.0	AboveGenus	5	Saccharomycetes	1	1
LT993568|SH1872882.10FU	Fungi;Ascomycota;Sordariomycetes;Sordariales;Chaetomiaceae;Humicola;Humicola_ampulliella	Fungi	Ascomycota	Sordariomycetes	Sordariales	Chaetomiaceae	Humicola	Humicola ampulliella		1	0	1	0	0	0	0	1	0	0	0	0	4	2	2	0	0	0	0.0	0.0	100.0	0.0	0.982	1.0	AboveGenus	5	Sordariomycetes	2	11
AJ512441|SH1874203.10FU	Fungi;Ascomycota;Saccharomycetes;Saccharomycetales;Saccharomycodaceae;Hanseniaspora;Hanseniaspora_clermontiae	Fungi	Ascomycota	Saccharomycetes	Saccharomycetales	Saccharomycodaceae	Hanseniaspora	Hanseniaspora clermontiae		0	0	0	0	0	0	2	1	0	0	0	0	2	1	0	0	0	0	16.667	83.333	0.0	0.0	1.0	3.5	Genus	6	Hanseniaspora uvarum	3	6
KF958047|SH1874214.10FU	Fungi;Ascomycota;Saccharomycetes;Saccharomycetales;Saccharomycodaceae;Hanseniaspora;Hanseniaspora_nectarophila	Fungi	Ascomycota	Saccharomycetes	Saccharomycetales	Saccharomycodaceae	Hanseniaspora	Hanseniaspora nectarophila		0	0	0	0	0	0	0	0	0	0	0	0	0	0	0	1	0	0	0.0	100.0	0.0	0.0	0.947	1.0	Genus	6	Hanseniaspora clermontiae	1	1
MW676123|SH1877492.10FU	Fungi;Ascomycota;Eurotiomycetes;Eurotiales;Elaphomycetaceae;Elaphomyces;Elaphomyces_borealis	Fungi	Ascomycota	Eurotiomycetes	Eurotiales	Elaphomycetaceae	Elaphomyces	Elaphomyces borealis		0	0	1	0	0	0	0	0	0	0	0	0	0	0	0	0	0	0	0.0	0.0	100.0	0.0	0.927	1.0	AboveGenus	5	Leotiomycetes	1	1
JN572906|SH1934689.10FU	Fungi;Basidiomycota;Agaricomycetes;Agaricales;Lycoperdaceae;Lycoperdon;Lycoperdon_subumbrinum	Fungi	Basidiomycota	Agaricomycetes	Agaricales	Lycoperdaceae	Lycoperdon	Lycoperdon subumbrinum		1	0	0	0	0	0	0	0	0	0	0	0	0	0	0	0	0	0	0.0	0.0	100.0	0.0	0.99	1.0	AboveGenus	5	Junghuhnia	1	1
EF060621|SH0003618.10FU	Fungi;Ascomycota;Saccharomycetes;Saccharomycetales;Saccharomycetaceae;Saccharomycetaceae_gen_Incertae_sedis;Saccharomycetaceae_sp	Fungi	Ascomycota	Saccharomycetes	Saccharomycetales	Saccharomycetaceae	Saccharomycetaceae gen Incertae sedis	Saccharomycetaceae sp		0	0	0	2	1	1	0	0	0	0	0	0	0	0	0	0	0	0	0.0	0.0	100.0	0.0	1.0	0.25	AboveGenus	5	Saccharomycetales fam Incertae sedis	2	4
PP149061|SH0003620.10FU	Fungi;Ascomycota;Saccharomycetes;Saccharomycetales;Debaryomycetaceae;Yamadazyma;Yamadazyma_sp	Fungi	Ascomycota	Saccharomycetes	Saccharomycetales	Debaryomycetaceae	Yamadazyma	Yamadazyma sp		0	0	0	1	2	0	0	0	0	0	0	0	0	0	0	0	0	0	33.333	0.0	66.667	0.0	0.993	2.667	AboveGenus	5	Saccharomycetales fam Incertae sedis	1	3
EF060649|SH0003623.10FU	Fungi;Ascomycota;Saccharomycetes;Saccharomycetales;Saccharomycetales_fam_Incertae_sedis;Saccharomycetales_gen_Incertae_sedis;Saccharomycetales_sp	Fungi	Ascomycota	Saccharomycetes	Saccharomycetales	Saccharomycetales fam Incertae sedis	Saccharomycetales gen Incertae sedis	Saccharomycetales sp		0	0	0	1	1	0	0	0	0	0	0	0	0	0	0	0	0	0	0.0	0.0	100.0	0.0	1.0	0.0	AboveGenus	5	Saccharomycetaceae	1	2
KX548361|SH0005002.10FU	Fungi;Ascomycota;Saccharomycetes;Saccharomycetales;Metschnikowiaceae;Clavispora;Clavispora_lusitaniae	Fungi	Ascomycota	Saccharomycetes	Saccharomycetales	Metschnikowiaceae	Clavispora	Clavispora lusitaniae		0	0	0	0	0	0	0	0	0	0	0	0	0	1	0	0	0	0	100.0	0.0	0.0	0.0	1.0	1.0	Species	7		0	1
KP131851|SH0005010.10FU	Fungi;Ascomycota;Saccharomycetes;Saccharomycetales;Metschnikowiaceae;Clavispora;Clavispora_lusitaniae	Fungi	Ascomycota	Saccharomycetes	Saccharomycetales	Metschnikowiaceae	Clavispora	Clavispora lusitaniae		0	0	0	0	0	0	1	0	0	0	0	0	0	0	0	0	0	0	0.0	0.0	100.0	0.0	0.993	1.0	AboveGenus	5	Saccharomycetales fam Incertae sedis	1	1
JN872444|SH0010413.10FU	Fungi;Basidiomycota;Ustilaginomycetes;Ustilaginales;Ustilaginaceae;Ustilago;Ustilago_chloridis	Fungi	Basidiomycota	Ustilaginomycetes	Ustilaginales	Ustilaginaceae	Ustilago	Ustilago chloridis		1	0	0	0	0	0	0	0	0	0	0	0	0	0	0	0	0	0	100.0	0.0	0.0	0.0	1.0	1.0	Species	7		0	1
DQ069005|SH0015832.10FU	Fungi;Ascomycota;Ascomycota_cls_Incertae_sedis;Ascomycota_ord_Incertae_sedis;Ascomycota_fam_Incertae_sedis;Ascomycota_gen_Incertae_sedis;Ascomycota_sp	Fungi	Ascomycota	Ascomycota cls Incertae sedis	Ascomycota ord Incertae sedis	Ascomycota fam Incertae sedis	Ascomycota gen Incertae sedis	Ascomycota sp		0	0	0	0	2	0	0	0	0	0	0	0	0	0	0	0	0	0	50.0	0.0	50.0	0.0	1.0	9.5	Species	7	Ascomycota cls Incertae sedis	1	2
OQ689632|SH0020831.10FU	Fungi;Ascomycota;Saccharomycetes;Saccharomycetales;Saccharomycetaceae;Saccharomyces;Saccharomyces_cerevisiae	Fungi	Ascomycota	Saccharomycetes	Saccharomycetales	Saccharomycetaceae	Saccharomyces	Saccharomyces cerevisiae		0	0	0	0	0	0	0	0	0	0	0	0	0	0	0	1	0	0	100.0	0.0	0.0	0.0	1.0	1.0	Species	7		0	1
OP795958|SH0020832.10FU	Fungi;Ascomycota;Saccharomycetes;Saccharomycetales;Saccharomycetaceae;Saccharomyces;Saccharomyces_cerevisiae	Fungi	Ascomycota	Saccharomycetes	Saccharomycetales	Saccharomycetaceae	Saccharomyces	Saccharomyces cerevisiae		0	0	0	0	0	0	2	0	1	0	0	0	0	0	0	0	0	0	100.0	0.0	0.0	0.0	1.0	0.667	Species	7		0	3
KU535597|SH0020834.10FU	Fungi;Ascomycota;Saccharomycetes;Saccharomycetales;Saccharomycetaceae;Saccharomyces;Saccharomyces_cerevisiae	Fungi	Ascomycota	Saccharomycetes	Saccharomycetales	Saccharomycetaceae	Saccharomyces	Saccharomyces cerevisiae		0	0	0	0	0	0	0	0	0	0	0	0	0	0	0	1	0	0	100.0	0.0	0.0	0.0	1.0	9.0	Species	7		0	1
KX023223|SH0020837.10FU	Fungi;Ascomycota;Saccharomycetes;Saccharomycetales;Saccharomycetaceae;Saccharomyces;Saccharomyces_cerevisiae	Fungi	Ascomycota	Saccharomycetes	Saccharomycetales	Saccharomycetaceae	Saccharomyces	Saccharomyces cerevisiae		0	0	0	0	0	0	1	0	0	0	1	0	0	0	0	0	0	1	66.667	0.0	33.333	0.0	0.991	1.667	Species	7	Saccharomyces bayanus	1	3
KC515370|SH0020841.10FU	Fungi;Ascomycota;Saccharomycetes;Saccharomycetales;Saccharomycetaceae;Saccharomyces;Saccharomyces_cerevisiae	Fungi	Ascomycota	Saccharomycetes	Saccharomycetales	Saccharomycetaceae	Saccharomyces	Saccharomyces cerevisiae		0	0	0	0	0	0	1	1	0	0	1	0	0	0	0	0	1	1	100.0	0.0	0.0	0.0	1.0	7.8	Species	7		0	5
MK044064|SH0020843.10FU	Fungi;Ascomycota;Saccharomycetes;Saccharomycetales;Saccharomycetaceae;Saccharomyces;Saccharomyces_cerevisiae	Fungi	Ascomycota	Saccharomycetes	Saccharomycetales	Saccharomycetaceae	Saccharomyces	Saccharomyces cerevisiae		0	0	0	0	0	0	0	0	0	0	0	0	0	0	0	0	1	0	100.0	0.0	0.0	0.0	1.0	1.0	Species	7		0	1
MZ476184|SH0020849.10FU	Fungi;Ascomycota;Saccharomycetes;Saccharomycetales;Saccharomycetaceae;Saccharomyces;Saccharomyces_cerevisiae	Fungi	Ascomycota	Saccharomycetes	Saccharomycetales	Saccharomycetaceae	Saccharomyces	Saccharomyces cerevisiae		0	0	0	0	0	0	0	0	0	0	0	0	0	0	0	0	0	1	100.0	0.0	0.0	0.0	0.936	24.0	Species	7	Saccharomyces bayanus	1	1
OQ137214|SH0020850.10FU	Fungi;Ascomycota;Saccharomycetes;Saccharomycetales;Saccharomycetaceae;Saccharomyces;Saccharomyces_cerevisiae	Fungi	Ascomycota	Saccharomycetes	Saccharomycetales	Saccharomycetaceae	Saccharomyces	Saccharomyces cerevisiae		0	0	0	0	0	0	0	1	0	0	0	0	0	0	0	0	0	0	100.0	0.0	0.0	0.0	1.0	1.0	Species	7		0	1
MT136560|SH0020855.10FU	Fungi;Ascomycota;Saccharomycetes;Saccharomycetales;Saccharomycetaceae;Saccharomyces;Saccharomyces_cerevisiae	Fungi	Ascomycota	Saccharomycetes	Saccharomycetales	Saccharomycetaceae	Saccharomyces	Saccharomyces cerevisiae		0	0	0	0	0	0	0	1	0	0	0	0	0	0	0	1	3	1	83.333	16.667	0.0	0.0	1.0	10.002	Species	7	Saccharomyces cerevisiae	1	6
MH534922|SH0020857.10FU	Fungi;Ascomycota;Saccharomycetes;Saccharomycetales;Saccharomycetaceae;Saccharomyces;Saccharomyces_cerevisiae	Fungi	Ascomycota	Saccharomycetes	Saccharomycetales	Saccharomycetaceae	Saccharomyces	Saccharomyces cerevisiae		0	0	0	0	0	0	0	1	0	0	0	0	0	0	0	1	1	0	100.0	0.0	0.0	0.0	0.999	10.333	Species	7		0	3
KM504287|SH0020858.10FU	Fungi;Ascomycota;Saccharomycetes;Saccharomycetales;Saccharomycetaceae;Saccharomyces;Saccharomyces_cerevisiae	Fungi	Ascomycota	Saccharomycetes	Saccharomycetales	Saccharomycetaceae	Saccharomyces	Saccharomyces cerevisiae		0	0	0	0	0	0	0	0	0	0	0	0	0	0	0	1	0	0	100.0	0.0	0.0	0.0	1.0	2.0	Species	7		0	1
MH973620|SH0020859.10FU	Fungi;Ascomycota;Saccharomycetes;Saccharomycetales;Saccharomycetaceae;Saccharomyces;Saccharomyces_cerevisiae	Fungi	Ascomycota	Saccharomycetes	Saccharomycetales	Saccharomycetaceae	Saccharomyces	Saccharomyces cerevisiae		0	0	0	0	0	0	1	0	0	1	0	1	0	0	0	0	1	0	75.0	25.0	0.0	0.0	0.983	6.75	Species	7	Saccharomyces bayanus	1	4
LC776911|SH0020862.10FU	Fungi;Ascomycota;Saccharomycetes;Saccharomycetales;Saccharomycetaceae;Saccharomyces;Saccharomyces_cerevisiae	Fungi	Ascomycota	Saccharomycetes	Saccharomycetales	Saccharomycetaceae	Saccharomyces	Saccharomyces cerevisiae		0	0	0	0	0	0	0	1	0	0	0	1	0	0	0	0	0	0	50.0	50.0	0.0	0.0	1.0	1.0	Species	7	Saccharomyces cerevisiae	1	2
OP764056|SH0020866.10FU	Fungi;Ascomycota;Saccharomycetes;Saccharomycetales;Saccharomycetaceae;Saccharomyces;Saccharomyces_cerevisiae	Fungi	Ascomycota	Saccharomycetes	Saccharomycetales	Saccharomycetaceae	Saccharomyces	Saccharomyces cerevisiae		0	0	0	0	0	0	0	0	0	0	0	0	1	0	0	1	0	0	100.0	0.0	0.0	0.0	1.0	2.5	Species	7		0	2
OP764055|SH0020867.10FU	Fungi;Ascomycota;Saccharomycetes;Saccharomycetales;Saccharomycetaceae;Saccharomyces;Saccharomyces_cerevisiae	Fungi	Ascomycota	Saccharomycetes	Saccharomycetales	Saccharomycetaceae	Saccharomyces	Saccharomyces cerevisiae		0	0	0	0	0	0	0	0	0	0	0	0	0	0	0	0	1	0	100.0	0.0	0.0	0.0	1.0	1.0	Species	7		0	1
KX905280|SH0020870.10FU	Fungi;Ascomycota;Saccharomycetes;Saccharomycetales;Saccharomycetaceae;Saccharomyces;Saccharomyces_cerevisiae	Fungi	Ascomycota	Saccharomycetes	Saccharomycetales	Saccharomycetaceae	Saccharomyces	Saccharomyces cerevisiae		0	0	0	0	0	0	0	1	0	1	0	0	0	0	0	1	0	1	100.0	0.0	0.0	0.0	1.0	1.75	Species	7		0	4
MT374237|SH0020871.10FU	Fungi;Ascomycota;Saccharomycetes;Saccharomycetales;Saccharomycetaceae;Saccharomyces;Saccharomyces_cerevisiae	Fungi	Ascomycota	Saccharomycetes	Saccharomycetales	Saccharomycetaceae	Saccharomyces	Saccharomyces cerevisiae		0	0	0	0	0	0	0	0	0	1	2	0	0	0	0	1	0	2	100.0	0.0	0.0	0.0	1.0	4.0	Species	7		0	6
MT136559|SH0020875.10FU	Fungi;Ascomycota;Saccharomycetes;Saccharomycetales;Saccharomycetaceae;Saccharomyces;Saccharomyces_cerevisiae	Fungi	Ascomycota	Saccharomycetes	Saccharomycetales	Saccharomycetaceae	Saccharomyces	Saccharomyces cerevisiae		0	0	0	0	0	0	0	0	0	0	0	0	0	0	0	1	0	1	100.0	0.0	0.0	0.0	1.0	2.5	Species	7		0	2
KX905281|SH0020883.10FU	Fungi;Ascomycota;Saccharomycetes;Saccharomycetales;Saccharomycetaceae;Saccharomyces;Saccharomyces_cerevisiae	Fungi	Ascomycota	Saccharomycetes	Saccharomycetales	Saccharomycetaceae	Saccharomyces	Saccharomyces cerevisiae		0	0	0	0	0	0	1	0	0	0	0	0	0	0	0	0	0	0	100.0	0.0	0.0	0.0	1.0	1.0	Species	7		0	1
OQ137208|SH0020887.10FU	Fungi;Ascomycota;Saccharomycetes;Saccharomycetales;Saccharomycetaceae;Saccharomyces;Saccharomyces_cerevisiae	Fungi	Ascomycota	Saccharomycetes	Saccharomycetales	Saccharomycetaceae	Saccharomyces	Saccharomyces cerevisiae		0	0	0	0	0	0	0	0	0	0	0	1	0	0	0	0	0	1	100.0	0.0	0.0	0.0	1.0	1.0	Species	7		0	2
MK070839|SH0020888.10FU	Fungi;Ascomycota;Saccharomycetes;Saccharomycetales;Saccharomycetaceae;Saccharomyces;Saccharomyces_cerevisiae	Fungi	Ascomycota	Saccharomycetes	Saccharomycetales	Saccharomycetaceae	Saccharomyces	Saccharomyces cerevisiae		0	0	0	0	0	0	0	0	0	2	2	4	0	0	0	0	0	0	87.5	0.0	12.5	0.0	1.0	0.875	Species	7	Ascomycota	1	8
OW986476|SH0020889.10FU	Fungi;Ascomycota;Saccharomycetes;Saccharomycetales;Saccharomycetaceae;Saccharomyces;Saccharomyces_cerevisiae	Fungi	Ascomycota	Saccharomycetes	Saccharomycetales	Saccharomycetaceae	Saccharomyces	Saccharomyces cerevisiae		0	0	0	0	0	0	0	0	0	0	0	0	0	0	0	0	0	1	100.0	0.0	0.0	0.0	1.0	14.0	Species	7		0	1
MK602319|SH0020891.10FU	Fungi;Ascomycota;Saccharomycetes;Saccharomycetales;Saccharomycetaceae;Saccharomyces;Saccharomyces_cerevisiae	Fungi	Ascomycota	Saccharomycetes	Saccharomycetales	Saccharomycetaceae	Saccharomyces	Saccharomyces cerevisiae		0	0	0	0	0	0	0	1	1	0	0	0	0	0	0	0	0	0	100.0	0.0	0.0	0.0	1.0	1.0	Species	7		0	2
KT953349|SH0020893.10FU	Fungi;Ascomycota;Saccharomycetes;Saccharomycetales;Saccharomycetaceae;Saccharomyces;Saccharomyces_cerevisiae	Fungi	Ascomycota	Saccharomycetes	Saccharomycetales	Saccharomycetaceae	Saccharomyces	Saccharomyces cerevisiae		0	0	0	0	0	0	0	0	0	0	0	0	0	0	0	1	0	0	100.0	0.0	0.0	0.0	1.0	2.0	Species	7		0	1
MK680912|SH0020894.10FU	Fungi;Ascomycota;Saccharomycetes;Saccharomycetales;Saccharomycetaceae;Saccharomyces;Saccharomyces_cerevisiae	Fungi	Ascomycota	Saccharomycetes	Saccharomycetales	Saccharomycetaceae	Saccharomyces	Saccharomyces cerevisiae		0	0	0	0	0	0	1	0	0	0	0	0	0	0	0	1	0	1	100.0	0.0	0.0	0.0	0.999	8.0	Species	7		0	3
KX905278|SH0020897.10FU	Fungi;Ascomycota;Saccharomycetes;Saccharomycetales;Saccharomycetaceae;Saccharomyces;Saccharomyces_cerevisiae	Fungi	Ascomycota	Saccharomycetes	Saccharomycetales	Saccharomycetaceae	Saccharomyces	Saccharomyces cerevisiae		0	0	0	0	0	0	0	0	0	0	1	0	0	0	0	1	0	0	100.0	0.0	0.0	0.0	1.0	14.0	Species	7		0	2
MK352043|SH0022962.10FU	Fungi;Ascomycota;Saccharomycetes;Saccharomycetales;Metschnikowiaceae;Metschnikowia;Metschnikowia_pulcherrima	Fungi	Ascomycota	Saccharomycetes	Saccharomycetales	Metschnikowiaceae	Metschnikowia	Metschnikowia pulcherrima		0	0	0	0	0	0	0	1	0	0	0	0	0	0	0	0	0	0	0.0	100.0	0.0	0.0	0.948	1.0	Genus	6	Metschnikowia sp	1	1
MN371857|SH0022966.10FU	Fungi;Ascomycota;Saccharomycetes;Saccharomycetales;Metschnikowiaceae;Metschnikowia;Metschnikowia_pulcherrima	Fungi	Ascomycota	Saccharomycetes	Saccharomycetales	Metschnikowiaceae	Metschnikowia	Metschnikowia pulcherrima		0	1	2	0	0	0	0	0	0	0	0	0	2	1	1	0	0	0	71.429	28.571	0.0	0.0	0.975	1.857	Species	7	Metschnikowia sp	2	7
KU240634|SH0022967.10FU	Fungi;Ascomycota;Saccharomycetes;Saccharomycetales;Metschnikowiaceae;Metschnikowia;Metschnikowia_sp	Fungi	Ascomycota	Saccharomycetes	Saccharomycetales	Metschnikowiaceae	Metschnikowia	Metschnikowia sp		1211	1042	2013	0	3	2	719	450	358	3	0	4	3539	2933	1420	15	13	5	58.811	40.954	0.234	0.0	0.988	24.735	Species	7	Metschnikowia pulcherrima	6052	13730
OP663257|SH0022968.10FU	Fungi;Ascomycota;Saccharomycetes;Saccharomycetales;Metschnikowiaceae;Metschnikowia;Metschnikowia_sp	Fungi	Ascomycota	Saccharomycetes	Saccharomycetales	Metschnikowiaceae	Metschnikowia	Metschnikowia sp		1	0	0	0	0	0	0	0	0	0	0	0	0	0	0	0	0	0	100.0	0.0	0.0	0.0	1.0	1.0	Species	7		0	1
KU240637|SH0022969.10FU	Fungi;Ascomycota;Saccharomycetes;Saccharomycetales;Metschnikowiaceae;Metschnikowia;Metschnikowia_pulcherrima	Fungi	Ascomycota	Saccharomycetes	Saccharomycetales	Metschnikowiaceae	Metschnikowia	Metschnikowia pulcherrima		0	0	0	0	0	0	0	0	0	0	0	0	1	0	0	0	0	0	100.0	0.0	0.0	0.0	1.0	1.0	Species	7		0	1
KT758329|SH0022970.10FU	Fungi;Ascomycota;Saccharomycetes;Saccharomycetales;Metschnikowiaceae;Metschnikowia;Metschnikowia_pulcherrima	Fungi	Ascomycota	Saccharomycetes	Saccharomycetales	Metschnikowiaceae	Metschnikowia	Metschnikowia pulcherrima		29	26	44	0	0	0	11	13	9	0	0	0	113	89	54	0	0	1	70.439	29.305	0.256	0.0	0.984	2.141	Species	7	Metschnikowia sp	242	389
MN796595|SH0022972.10FU	Fungi;Ascomycota;Saccharomycetes;Saccharomycetales;Metschnikowiaceae;Metschnikowia;Metschnikowia_sp	Fungi	Ascomycota	Saccharomycetes	Saccharomycetales	Metschnikowiaceae	Metschnikowia	Metschnikowia sp		0	0	0	0	0	1	0	0	0	0	0	0	0	0	0	0	0	0	100.0	0.0	0.0	0.0	1.0	1.0	Species	7		0	1
JX188181|SH0022973.10FU	Fungi;Ascomycota;Saccharomycetes;Saccharomycetales;Metschnikowiaceae;Metschnikowia;Metschnikowia_sp	Fungi	Ascomycota	Saccharomycetes	Saccharomycetales	Metschnikowiaceae	Metschnikowia	Metschnikowia sp		0	1	1	0	0	0	0	0	0	0	0	0	0	0	0	0	0	0	0.0	100.0	0.0	0.0	0.99	1.0	Genus	6	Metschnikowia pulcherrima	1	2
MK352017|SH0022974.10FU	Fungi;Ascomycota;Saccharomycetes;Saccharomycetales;Metschnikowiaceae;Metschnikowia;Metschnikowia_pulcherrima	Fungi	Ascomycota	Saccharomycetes	Saccharomycetales	Metschnikowiaceae	Metschnikowia	Metschnikowia pulcherrima		0	0	0	0	0	0	1	0	0	0	0	0	0	1	0	0	0	0	0.0	100.0	0.0	0.0	0.93	0.0	Genus	6	Metschnikowia chrysoperlae	1	2
OK052449|SH0022975.10FU	Fungi;Ascomycota;Saccharomycetes;Saccharomycetales;Pichiaceae;Pichia;Pichia_mandshurica	Fungi	Ascomycota	Saccharomycetes	Saccharomycetales	Pichiaceae	Pichia	Pichia mandshurica		0	0	0	0	0	0	0	0	0	0	0	0	1	0	0	0	0	0	100.0	0.0	0.0	0.0	1.0	1.0	Species	7		0	1
KT758307|SH0022978.10FU	Fungi;Ascomycota;Saccharomycetes;Saccharomycetales;Metschnikowiaceae;Metschnikowia;Metschnikowia_pulcherrima	Fungi	Ascomycota	Saccharomycetes	Saccharomycetales	Metschnikowiaceae	Metschnikowia	Metschnikowia pulcherrima		1	0	0	0	0	0	1	0	0	0	0	0	2	0	0	0	0	0	100.0	0.0	0.0	0.0	0.986	2.75	Species	7	Zygotorulaspora dagestanica	1	4
MT988180|SH0022981.10FU	Fungi;Ascomycota;Saccharomycetes;Saccharomycetales;Metschnikowiaceae;Metschnikowia;Metschnikowia_sp	Fungi	Ascomycota	Saccharomycetes	Saccharomycetales	Metschnikowiaceae	Metschnikowia	Metschnikowia sp		0	0	0	0	0	0	0	0	1	0	0	0	1	0	1	0	0	0	100.0	0.0	0.0	0.0	0.982	8.0	Species	7	Candida albicans	1	3
KU240607|SH0022982.10FU	Fungi;Ascomycota;Saccharomycetes;Saccharomycetales;Metschnikowiaceae;Metschnikowia;Metschnikowia_sp	Fungi	Ascomycota	Saccharomycetes	Saccharomycetales	Metschnikowiaceae	Metschnikowia	Metschnikowia sp		2	0	0	0	0	0	0	0	0	0	0	0	0	0	0	0	0	0	0.0	50.0	50.0	0.0	0.984	0.5	Genus	6	Saccharomycetes ord Incertae sedis	1	2
HQ905441|SH0022984.10FU	Fungi;Ascomycota;Saccharomycetes;Saccharomycetes_ord_Incertae_sedis;Saccharomycetes_fam_Incertae_sedis;Saccharomycetes_gen_Incertae_sedis;Saccharomycetes_sp	Fungi	Ascomycota	Saccharomycetes	Saccharomycetes ord Incertae sedis	Saccharomycetes fam Incertae sedis	Saccharomycetes gen Incertae sedis	Saccharomycetes sp		0	0	1	0	0	0	0	0	0	0	0	0	0	0	0	0	0	0	0.0	0.0	100.0	0.0	0.984	0.0	AboveGenus	5	Saccharomycetes ord Incertae sedis	1	1
MK352034|SH0022986.10FU	Fungi;Ascomycota;Saccharomycetes;Saccharomycetales;Metschnikowiaceae;Metschnikowia;Metschnikowia_pulcherrima	Fungi	Ascomycota	Saccharomycetes	Saccharomycetales	Metschnikowiaceae	Metschnikowia	Metschnikowia pulcherrima		0	0	0	0	0	0	0	0	0	0	0	0	1	0	0	0	0	0	100.0	0.0	0.0	0.0	1.0	19.0	Species	7		0	1
MW332073|SH0096459.10FU	Fungi;Basidiomycota;Microbotryomycetes;Sporidiobolales;Sporidiobolaceae;Rhodotorula;Rhodotorula_babjevae	Fungi	Basidiomycota	Microbotryomycetes	Sporidiobolales	Sporidiobolaceae	Rhodotorula	Rhodotorula babjevae		0	0	1	0	0	0	0	0	0	0	0	0	0	0	0	0	0	0	0.0	100.0	0.0	0.0	1.0	1.0	Genus	6	Rhodotorula glutinis	1	1
KF667083|SH0096461.10FU	Fungi;Fungi_phy_Incertae_sedis;Fungi_cls_Incertae_sedis;Fungi_ord_Incertae_sedis;Fungi_fam_Incertae_sedis;Fungi_gen_Incertae_sedis;Fungi_sp	Fungi	Fungi phy Incertae sedis	Fungi cls Incertae sedis	Fungi ord Incertae sedis	Fungi fam Incertae sedis	Fungi gen Incertae sedis	Fungi sp		0	0	2	0	0	0	0	0	0	3	2	0	0	0	0	0	0	0	57.144	0.0	42.856	0.0	0.997	23.143	Species	7	Basidiomycota	1	7
EF060496|SH0096470.10FU	Fungi;Basidiomycota;Microbotryomycetes;Sporidiobolales;Sporidiobolales_fam_Incertae_sedis;Sporidiobolales_gen_Incertae_sedis;Sporidiobolales_sp	Fungi	Basidiomycota	Microbotryomycetes	Sporidiobolales	Sporidiobolales fam Incertae sedis	Sporidiobolales gen Incertae sedis	Sporidiobolales sp		0	0	0	0	0	0	0	0	0	1	1	0	0	0	0	0	0	0	50.0	0.0	50.0	0.0	1.0	1.5	Species	7	Fungi phy Incertae sedis	1	2
MW668474|SH0096474.10FU	Fungi;Basidiomycota;Microbotryomycetes;Sporidiobolales;Sporidiobolaceae;Rhodotorula;Rhodotorula_glutinis	Fungi	Basidiomycota	Microbotryomycetes	Sporidiobolales	Sporidiobolaceae	Rhodotorula	Rhodotorula glutinis		0	1	0	0	0	0	0	0	0	1	1	0	0	0	0	0	0	0	100.0	0.0	0.0	0.0	1.0	7.0	Species	7		0	3
OQ073533|SH0096480.10FU	Fungi;Basidiomycota;Microbotryomycetes;Sporidiobolales;Sporidiobolaceae;Rhodotorula;Rhodotorula_sp	Fungi	Basidiomycota	Microbotryomycetes	Sporidiobolales	Sporidiobolaceae	Rhodotorula	Rhodotorula sp		1	0	0	0	0	0	0	0	0	0	0	0	0	0	0	0	0	0	100.0	0.0	0.0	0.0	0.968	1.0	Species	7	Rhodotorula toruloides	1	1
MG076774|SH0096496.10FU	Fungi;Basidiomycota;Microbotryomycetes;Sporidiobolales;Sporidiobolaceae;Rhodotorula;Rhodotorula_mucilaginosa	Fungi	Basidiomycota	Microbotryomycetes	Sporidiobolales	Sporidiobolaceae	Rhodotorula	Rhodotorula mucilaginosa		1	0	0	0	0	0	0	0	0	0	0	0	0	0	0	0	0	0	0.0	0.0	100.0	0.0	1.0	1.0	AboveGenus	5	Fungi phy Incertae sedis	1	1
FJ008054|SH0096504.10FU	Fungi;Basidiomycota;Microbotryomycetes;Sporidiobolales;Sporidiobolaceae;Rhodotorula;Rhodotorula_evergladensis	Fungi	Basidiomycota	Microbotryomycetes	Sporidiobolales	Sporidiobolaceae	Rhodotorula	Rhodotorula evergladensis		0	0	0	0	0	0	0	0	0	0	0	1	0	0	0	0	0	0	100.0	0.0	0.0	0.0	1.0	1.0	Species	7		0	1
KF057620|SH0099540.10FU	Fungi;Ascomycota;Saccharomycetes;Saccharomycetales;Saccharomycodaceae;Hanseniaspora;Hanseniaspora_sp	Fungi	Ascomycota	Saccharomycetes	Saccharomycetales	Saccharomycodaceae	Hanseniaspora	Hanseniaspora sp		0	0	0	0	0	0	3	0	3	0	0	0	2	8	1	1	2	0	0.0	100.0	0.0	0.0	1.0	0.451	Genus	6	Hanseniaspora sp	11	20
MK394149|SH0101343.10FU	Fungi;Ascomycota;Saccharomycetes;Saccharomycetales;Saccharomycetales_fam_Incertae_sedis;Candida;Candida_sp	Fungi	Ascomycota	Saccharomycetes	Saccharomycetales	Saccharomycetales fam Incertae sedis	Candida	Candida sp		0	0	0	0	0	0	1	0	0	0	0	0	0	0	0	0	0	0	0.0	0.0	100.0	0.0	1.0	1.0	AboveGenus	5	Metschnikowiaceae	1	1
KM115044|SH0103699.10FU	Fungi;Ascomycota;Saccharomycetes;Saccharomycetales;Debaryomycetaceae;Debaryomyces;Debaryomyces_hansenii	Fungi	Ascomycota	Saccharomycetes	Saccharomycetales	Debaryomycetaceae	Debaryomyces	Debaryomyces hansenii		0	0	0	0	0	3	0	0	0	0	0	0	0	0	0	0	0	0	100.0	0.0	0.0	0.0	1.0	1.33	Species	7		0	3
OR295681|SH0115236.10FU	Fungi;Ascomycota;Saccharomycetes;Saccharomycetales;Metschnikowiaceae;Metschnikowia;Metschnikowia_chrysoperlae	Fungi	Ascomycota	Saccharomycetes	Saccharomycetales	Metschnikowiaceae	Metschnikowia	Metschnikowia chrysoperlae		0	0	1	0	0	0	0	0	0	0	0	0	1	0	0	0	0	0	100.0	0.0	0.0	0.0	1.0	9.5	Species	7		0	2
HE820878|SH0121975.10FU	Fungi;Ascomycota;Sordariomycetes;Xylariales;Xylariales_fam_Incertae_sedis;Xylariales_gen_Incertae_sedis;Xylariales_sp	Fungi	Ascomycota	Sordariomycetes	Xylariales	Xylariales fam Incertae sedis	Xylariales gen Incertae sedis	Xylariales sp		0	0	0	0	0	0	0	0	0	0	0	0	0	1	0	0	0	0	0.0	0.0	100.0	0.0	1.0	1.0	AboveGenus	5	Pezizomycetes	1	1
AY188383|SH0132306.10FU	Fungi;Ascomycota;Saccharomycetes;Saccharomycetales;Metschnikowiaceae;Metschnikowia;Metschnikowia_reukaufii	Fungi	Ascomycota	Saccharomycetes	Saccharomycetales	Metschnikowiaceae	Metschnikowia	Metschnikowia reukaufii		0	0	0	0	0	0	0	0	0	0	0	0	1	0	1	0	0	0	100.0	0.0	0.0	0.0	1.0	5.5	Species	7		0	2
MN464238|SH0132313.10FU	Fungi;Ascomycota;Saccharomycetes;Saccharomycetales;Metschnikowiaceae;Metschnikowia;Metschnikowia_sp	Fungi	Ascomycota	Saccharomycetes	Saccharomycetales	Metschnikowiaceae	Metschnikowia	Metschnikowia sp		1	0	0	0	0	0	0	0	0	0	0	0	0	0	0	0	0	0	0.0	0.0	100.0	0.0	1.0	1.0	AboveGenus	5	Metschnikowiaceae	1	1
EF060703|SH0141336.10FU	Fungi;Basidiomycota;Microbotryomycetes;Sporidiobolales;Sporidiobolales_fam_Incertae_sedis;Sporidiobolales_gen_Incertae_sedis;Sporidiobolales_sp	Fungi	Basidiomycota	Microbotryomycetes	Sporidiobolales	Sporidiobolales fam Incertae sedis	Sporidiobolales gen Incertae sedis	Sporidiobolales sp		13	13	23	0	0	0	0	0	1	6	4	6	0	0	0	0	0	0	54.546	0.0	45.454	0.0	0.965	1.439	Species	7	Sporidiobolaceae	28	66
EF060881|SH0141337.10FU	Fungi;Basidiomycota;Microbotryomycetes;Sporidiobolales;Sporidiobolales_fam_Incertae_sedis;Sporidiobolales_gen_Incertae_sedis;Sporidiobolales_sp	Fungi	Basidiomycota	Microbotryomycetes	Sporidiobolales	Sporidiobolales fam Incertae sedis	Sporidiobolales gen Incertae sedis	Sporidiobolales sp		3	3	7	0	0	0	0	0	0	2	0	1	0	0	0	0	0	0	81.249	0.0	18.751	0.0	0.971	2.376	Species	7	Rhodotorula diobovata	7	16
MN371899|SH0158247.10FU	Fungi;Ascomycota;Saccharomycetes;Saccharomycetales;Saccharomycodaceae;Hanseniaspora;Hanseniaspora_uvarum	Fungi	Ascomycota	Saccharomycetes	Saccharomycetales	Saccharomycodaceae	Hanseniaspora	Hanseniaspora uvarum		0	0	0	0	0	0	0	0	0	0	0	0	1	0	0	0	0	0	100.0	0.0	0.0	0.0	1.0	1.0	Species	7		0	1
MN556598|SH0158249.10FU	Fungi;Ascomycota;Saccharomycetes;Saccharomycetales;Saccharomycodaceae;Hanseniaspora;Hanseniaspora_uvarum	Fungi	Ascomycota	Saccharomycetes	Saccharomycetales	Saccharomycodaceae	Hanseniaspora	Hanseniaspora uvarum		0	0	0	0	0	0	1	0	0	0	0	0	2	0	0	2	1	1	71.429	28.571	0.0	0.0	0.96	1.0	Species	7	Hanseniaspora sp	6	7
MG776376|SH0166077.10FU	Fungi;Ascomycota;Saccharomycetes;Saccharomycetales;Dipodascaceae;Dipodascus;Dipodascus_sp	Fungi	Ascomycota	Saccharomycetes	Saccharomycetales	Dipodascaceae	Dipodascus	Dipodascus sp		0	0	0	2	0	0	0	0	0	0	0	0	0	0	0	0	0	0	100.0	0.0	0.0	0.0	0.997	1.0	Species	7		0	2
MG776361|SH0166079.10FU	Fungi;Ascomycota;Saccharomycetes;Saccharomycetales;Dipodascaceae;Dipodascus;Dipodascus_sp	Fungi	Ascomycota	Saccharomycetes	Saccharomycetales	Dipodascaceae	Dipodascus	Dipodascus sp		0	0	0	1	2	0	0	0	0	0	0	0	0	0	0	0	0	0	66.667	0.0	33.333	0.0	0.987	0.667	Species	7	Geotrichum	1	3
MG776369|SH0166082.10FU	Fungi;Ascomycota;Saccharomycetes;Saccharomycetales;Dipodascaceae;Dipodascus;Dipodascus_sp	Fungi	Ascomycota	Saccharomycetes	Saccharomycetales	Dipodascaceae	Dipodascus	Dipodascus sp		0	0	0	2	2	0	0	0	0	0	0	0	0	0	0	0	0	0	75.0	0.0	25.0	0.0	1.0	2.25	Species	7	Basidiomycota	1	4
MG938522|SH0166085.10FU	Fungi;Ascomycota;Saccharomycetes;Saccharomycetales;Dipodascaceae;Dipodascus;Dipodascus_sp	Fungi	Ascomycota	Saccharomycetes	Saccharomycetales	Dipodascaceae	Dipodascus	Dipodascus sp		0	0	0	5	5	5	0	0	0	0	0	0	0	0	0	0	0	1	100.0	0.0	0.0	0.0	0.994	10.438	Species	7	Geotrichum ghanense	2	16
MG776366|SH0166086.10FU	Fungi;Ascomycota;Saccharomycetes;Saccharomycetales;Dipodascaceae;Dipodascus;Dipodascus_sp	Fungi	Ascomycota	Saccharomycetes	Saccharomycetales	Dipodascaceae	Dipodascus	Dipodascus sp		0	0	0	1	0	0	0	0	0	0	0	0	0	0	0	0	0	1	100.0	0.0	0.0	0.0	1.0	1.0	Species	7		0	2
MG938523|SH0166088.10FU	Fungi;Ascomycota;Saccharomycetes;Saccharomycetales;Dipodascaceae;Dipodascus;Dipodascus_sp	Fungi	Ascomycota	Saccharomycetes	Saccharomycetales	Dipodascaceae	Dipodascus	Dipodascus sp		0	0	0	5	2	2	0	0	0	0	0	0	0	0	0	0	0	0	88.889	0.0	11.111	0.0	1.0	4.333	Species	7	Geotrichum	1	9
MH153600|SH0166090.10FU	Fungi;Ascomycota;Saccharomycetes;Saccharomycetales;Dipodascaceae;Dipodascus;Dipodascus_sp	Fungi	Ascomycota	Saccharomycetes	Saccharomycetales	Dipodascaceae	Dipodascus	Dipodascus sp		0	0	0	20	12	5	0	0	0	0	0	0	0	0	0	0	0	0	83.784	0.0	16.216	0.0	0.995	3.486	Species	7	Debaryomycetaceae	2	37
MG776358|SH0166091.10FU	Fungi;Ascomycota;Saccharomycetes;Saccharomycetales;Dipodascaceae;Dipodascus;Dipodascus_sp	Fungi	Ascomycota	Saccharomycetes	Saccharomycetales	Dipodascaceae	Dipodascus	Dipodascus sp		0	0	0	4	0	1	0	0	0	0	0	0	0	0	0	0	0	0	80.0	0.0	20.0	0.0	1.0	1.0	Species	7	Geotrichum	1	5
MG776373|SH0166092.10FU	Fungi;Ascomycota;Saccharomycetes;Saccharomycetales;Dipodascaceae;Dipodascus;Dipodascus_sp	Fungi	Ascomycota	Saccharomycetes	Saccharomycetales	Dipodascaceae	Dipodascus	Dipodascus sp		0	0	0	7	2	2	0	0	0	0	0	0	0	0	0	0	0	0	90.909	0.0	9.091	0.0	0.986	2.365	Species	7	Geotrichum ghanense	3	11
MG776360|SH0166093.10FU	Fungi;Ascomycota;Saccharomycetes;Saccharomycetales;Dipodascaceae;Dipodascus;Dipodascus_sp	Fungi	Ascomycota	Saccharomycetes	Saccharomycetales	Dipodascaceae	Dipodascus	Dipodascus sp		0	0	0	3	0	1	0	0	0	0	0	0	0	0	0	0	0	0	75.002	0.0	24.997	0.0	1.0	0.753	Species	7	Geotrichum	1	4
MG776370|SH0166094.10FU	Fungi;Ascomycota;Saccharomycetes;Saccharomycetales;Dipodascaceae;Dipodascus;Dipodascus_sp	Fungi	Ascomycota	Saccharomycetes	Saccharomycetales	Dipodascaceae	Dipodascus	Dipodascus sp		0	0	0	0	0	2	0	0	0	0	0	0	0	0	0	0	0	0	100.0	0.0	0.0	0.0	1.0	1.0	Species	7		0	2
KY106030|SH0171298.10FU	Fungi;Ascomycota;Saccharomycetes;Saccharomycetales;Saccharomycetaceae;Zygosaccharomyces;Zygosaccharomyces_bisporus	Fungi	Ascomycota	Saccharomycetes	Saccharomycetales	Saccharomycetaceae	Zygosaccharomyces	Zygosaccharomyces bisporus		0	0	0	0	0	0	0	0	0	0	0	0	0	0	0	1	0	0	100.0	0.0	0.0	0.0	1.0	4.0	Species	7		0	1
KJ908839|SH0182872.10FU	Fungi;Basidiomycota;Microbotryomycetes;Sporidiobolales;Sporidiobolaceae;Rhodotorula;Rhodotorula_sp	Fungi	Basidiomycota	Microbotryomycetes	Sporidiobolales	Sporidiobolaceae	Rhodotorula	Rhodotorula sp		6	4	4	0	0	0	0	0	0	0	0	0	0	0	0	0	0	0	0.0	49.999	50.001	0.0	0.975	0.857	AboveGenus	5	Fungi phy Incertae sedis	6	14
KX516026|SH0182873.10FU	Fungi;Fungi_phy_Incertae_sedis;Fungi_cls_Incertae_sedis;Fungi_ord_Incertae_sedis;Fungi_fam_Incertae_sedis;Fungi_gen_Incertae_sedis;Fungi_sp	Fungi	Fungi phy Incertae sedis	Fungi cls Incertae sedis	Fungi ord Incertae sedis	Fungi fam Incertae sedis	Fungi gen Incertae sedis	Fungi sp		1	1	2	0	0	0	0	0	0	0	0	0	0	0	0	0	0	0	25.0	0.0	75.0	0.0	1.0	0.0	AboveGenus	5	Fungi phy Incertae sedis	3	4
KP714328|SH0182874.10FU	Fungi;Basidiomycota;Microbotryomycetes;Sporidiobolales;Sporidiobolaceae;Rhodotorula;Rhodotorula_glutinis	Fungi	Basidiomycota	Microbotryomycetes	Sporidiobolales	Sporidiobolaceae	Rhodotorula	Rhodotorula glutinis		0	0	1	0	0	0	0	0	0	0	0	0	0	0	0	0	0	0	100.0	0.0	0.0	0.0	1.0	8.0	Species	7		0	1
OM237205|SH0182875.10FU	Fungi;Basidiomycota;Microbotryomycetes;Sporidiobolales;Sporidiobolaceae;Rhodotorula;Rhodotorula_diobovata	Fungi	Basidiomycota	Microbotryomycetes	Sporidiobolales	Sporidiobolaceae	Rhodotorula	Rhodotorula diobovata		2	0	2	0	0	0	0	0	0	5	1	3	0	0	0	0	1	0	85.714	14.286	0.0	0.0	0.997	0.0	Species	7	Rhodotorula diobovata	1	14
KM519634|SH0182876.10FU	Fungi;Basidiomycota;Microbotryomycetes;Sporidiobolales;Sporidiobolaceae;Rhodotorula;Rhodotorula_graminis	Fungi	Basidiomycota	Microbotryomycetes	Sporidiobolales	Sporidiobolaceae	Rhodotorula	Rhodotorula graminis		0	0	1	0	0	0	0	0	0	0	0	0	0	0	0	0	0	0	100.0	0.0	0.0	0.0	1.0	19.0	Species	7		0	1
OM049516|SH0182881.10FU	Fungi;Basidiomycota;Microbotryomycetes;Sporidiobolales;Sporidiobolaceae;Rhodotorula;Rhodotorula_glutinis	Fungi	Basidiomycota	Microbotryomycetes	Sporidiobolales	Sporidiobolaceae	Rhodotorula	Rhodotorula glutinis		1	0	1	0	0	0	0	0	0	0	0	0	0	0	0	0	0	0	100.0	0.0	0.0	0.0	0.988	5.5	Species	7	Rhodotorula sp	1	2
KP326401|SH0182882.10FU	Fungi;Basidiomycota;Microbotryomycetes;Sporidiobolales;Sporidiobolaceae;Rhodotorula;Rhodotorula_sp	Fungi	Basidiomycota	Microbotryomycetes	Sporidiobolales	Sporidiobolaceae	Rhodotorula	Rhodotorula sp		1	0	0	0	0	0	0	0	0	0	0	0	0	0	0	0	0	0	100.0	0.0	0.0	0.0	1.0	9.0	Species	7		0	1
KP053243|SH0185095.10FU	Fungi;Ascomycota;Saccharomycetes;Saccharomycetales;Saccharomycodaceae;Hanseniaspora;Hanseniaspora_uvarum	Fungi	Ascomycota	Saccharomycetes	Saccharomycetales	Saccharomycodaceae	Hanseniaspora	Hanseniaspora uvarum		0	0	0	0	0	0	0	0	0	0	0	0	0	0	0	1	0	0	100.0	0.0	0.0	0.0	1.0	18.0	Species	7		0	1
MN371917|SH0186493.10FU	Fungi;Ascomycota;Saccharomycetes;Saccharomycetales;Metschnikowiaceae;Metschnikowia;Metschnikowia_fructicola	Fungi	Ascomycota	Saccharomycetes	Saccharomycetales	Metschnikowiaceae	Metschnikowia	Metschnikowia fructicola		0	0	1	0	0	0	0	0	0	0	0	0	0	0	0	0	0	0	0.0	100.0	0.0	0.0	0.992	1.0	Genus	6	Metschnikowia sp	1	1
MN371849|SH0186494.10FU	Fungi;Ascomycota;Saccharomycetes;Saccharomycetales;Metschnikowiaceae;Metschnikowia;Metschnikowia_pulcherrima	Fungi	Ascomycota	Saccharomycetes	Saccharomycetales	Metschnikowiaceae	Metschnikowia	Metschnikowia pulcherrima		1	0	0	0	0	0	0	0	0	0	0	0	0	0	0	0	0	0	100.0	0.0	0.0	0.0	1.0	4.0	Species	7		0	1
OP663251|SH0186495.10FU	Fungi;Ascomycota;Saccharomycetes;Saccharomycetales;Metschnikowiaceae;Metschnikowia;Metschnikowia_pulcherrima	Fungi	Ascomycota	Saccharomycetes	Saccharomycetales	Metschnikowiaceae	Metschnikowia	Metschnikowia pulcherrima		0	0	0	0	0	0	0	0	0	0	0	0	0	0	1	0	0	0	100.0	0.0	0.0	0.0	1.0	1.0	Species	7		0	1
KF057618|SH0186499.10FU	Fungi;Fungi_phy_Incertae_sedis;Fungi_cls_Incertae_sedis;Fungi_ord_Incertae_sedis;Fungi_fam_Incertae_sedis;Fungi_gen_Incertae_sedis;Fungi_sp	Fungi	Fungi phy Incertae sedis	Fungi cls Incertae sedis	Fungi ord Incertae sedis	Fungi fam Incertae sedis	Fungi gen Incertae sedis	Fungi sp		0	1	6	0	0	0	0	0	0	0	0	0	4	9	0	0	0	0	10.001	4.999	84.999	0.0	0.988	2.15	AboveGenus	5	Fungi phy Incertae sedis	7	20
OR295747|SH0186500.10FU	Fungi;Ascomycota;Saccharomycetes;Saccharomycetales;Metschnikowiaceae;Metschnikowia;Metschnikowia_pulcherrima	Fungi	Ascomycota	Saccharomycetes	Saccharomycetales	Metschnikowiaceae	Metschnikowia	Metschnikowia pulcherrima		0	0	1	0	0	0	1	0	0	0	0	0	1	0	0	0	0	0	33.333	66.667	0.0	0.0	0.985	1.0	Genus	6	Metschnikowia sp	2	3
MZ622714|SH0186501.10FU	Fungi;Ascomycota;Saccharomycetes;Saccharomycetales;Metschnikowiaceae;Metschnikowia;Metschnikowia_sp	Fungi	Ascomycota	Saccharomycetes	Saccharomycetales	Metschnikowiaceae	Metschnikowia	Metschnikowia sp		0	0	1	0	0	0	0	3	0	0	0	0	2	1	1	1	0	0	33.332	66.668	0.0	0.0	0.974	1.443	Genus	6	Metschnikowia sp	3	9
FJ172527|SH0186503.10FU	Fungi;Ascomycota;Saccharomycetes;Saccharomycetales;Metschnikowiaceae;Metschnikowia;Metschnikowia_pulcherrima	Fungi	Ascomycota	Saccharomycetes	Saccharomycetales	Metschnikowiaceae	Metschnikowia	Metschnikowia pulcherrima		0	0	0	0	0	0	0	0	0	0	0	0	0	0	0	0	1	0	0.0	100.0	0.0	0.0	0.993	1.0	Genus	6	Metschnikowia sp	1	1
FJ172528|SH0186504.10FU	Fungi;Ascomycota;Saccharomycetes;Saccharomycetales;Metschnikowiaceae;Metschnikowia;Metschnikowia_pulcherrima	Fungi	Ascomycota	Saccharomycetes	Saccharomycetales	Metschnikowiaceae	Metschnikowia	Metschnikowia pulcherrima		5	1	5	0	0	0	0	1	0	0	0	0	2	3	1	0	0	0	16.667	55.556	27.778	0.0	0.972	0.723	Genus	6	Metschnikowia sp	8	18
OP663286|SH0186507.10FU	Fungi;Ascomycota;Saccharomycetes;Saccharomycetales;Metschnikowiaceae;Metschnikowia;Metschnikowia_sp	Fungi	Ascomycota	Saccharomycetes	Saccharomycetales	Metschnikowiaceae	Metschnikowia	Metschnikowia sp		0	0	0	0	0	0	0	0	1	0	0	0	0	0	0	0	0	0	0.0	100.0	0.0	0.0	1.0	21.0	Genus	6	Metschnikowia rubicola	1	1
MN371882|SH0186509.10FU	Fungi;Ascomycota;Saccharomycetes;Saccharomycetales;Metschnikowiaceae;Metschnikowia;Metschnikowia_pulcherrima	Fungi	Ascomycota	Saccharomycetes	Saccharomycetales	Metschnikowiaceae	Metschnikowia	Metschnikowia pulcherrima		1	0	1	0	0	0	0	0	0	0	0	0	0	1	0	0	0	0	0.0	100.0	0.0	0.0	0.963	1.0	Genus	6	Metschnikowia sp	3	3
MN622825|SH0186510.10FU	Fungi;Ascomycota;Saccharomycetes;Saccharomycetales;Metschnikowiaceae;Metschnikowia;Metschnikowia_pulcherrima	Fungi	Ascomycota	Saccharomycetes	Saccharomycetales	Metschnikowiaceae	Metschnikowia	Metschnikowia pulcherrima		8	4	15	0	0	0	4	2	3	0	0	0	25	21	10	0	1	0	44.086	53.764	2.151	0.0	0.988	1.85	Genus	6	Metschnikowia sp	69	93
MN796586|SH0186511.10FU	Fungi;Ascomycota;Saccharomycetes;Saccharomycetales;Metschnikowiaceae;Metschnikowia;Metschnikowia_sinensis	Fungi	Ascomycota	Saccharomycetes	Saccharomycetales	Metschnikowiaceae	Metschnikowia	Metschnikowia sinensis		0	0	2	0	0	0	0	0	1	0	0	0	0	0	0	0	0	0	100.0	0.0	0.0	0.0	1.0	1.667	Species	7		0	3
MH594220|SH0186512.10FU	Fungi;Ascomycota;Saccharomycetes;Saccharomycetales;Metschnikowiaceae;Metschnikowia;Metschnikowia_pulcherrima	Fungi	Ascomycota	Saccharomycetes	Saccharomycetales	Metschnikowiaceae	Metschnikowia	Metschnikowia pulcherrima		1	0	1	0	0	0	0	0	0	0	0	0	0	0	2	0	0	0	75.0	25.0	0.0	0.0	1.0	2.0	Species	7	Metschnikowia sp	1	4
HQ857739|SH0186513.10FU	Fungi;Ascomycota;Saccharomycetes;Saccharomycetales;Metschnikowiaceae;Metschnikowia;Metschnikowia_pulcherrima	Fungi	Ascomycota	Saccharomycetes	Saccharomycetales	Metschnikowiaceae	Metschnikowia	Metschnikowia pulcherrima		0	0	0	0	0	0	0	0	0	0	0	0	0	0	0	0	0	1	100.0	0.0	0.0	0.0	1.0	1.0	Species	7		0	1
MN556580|SH0186514.10FU	Fungi;Ascomycota;Saccharomycetes;Saccharomycetales;Metschnikowiaceae;Metschnikowia;Metschnikowia_pulcherrima	Fungi	Ascomycota	Saccharomycetes	Saccharomycetales	Metschnikowiaceae	Metschnikowia	Metschnikowia pulcherrima		0	1	1	0	0	0	0	0	0	0	0	0	1	0	1	0	0	0	75.0	0.0	25.0	0.0	1.0	8.25	Species	7	Lecanoromycetes	1	4
OR584277|SH0186516.10FU	Fungi;Ascomycota;Saccharomycetes;Saccharomycetales;Metschnikowiaceae;Metschnikowia;Metschnikowia_chrysoperlae	Fungi	Ascomycota	Saccharomycetes	Saccharomycetales	Metschnikowiaceae	Metschnikowia	Metschnikowia chrysoperlae		0	0	0	0	0	0	1	1	0	0	0	0	0	0	0	0	0	0	50.0	50.0	0.0	0.0	1.0	1.0	Species	7	Metschnikowia pulcherrima	1	2
OQ184060|SH0194622.10FU	Fungi;Ascomycota;Saccharomycetes;Saccharomycetales;Metschnikowiaceae;Metschnikowiaceae_gen_Incertae_sedis;Metschnikowiaceae_sp	Fungi	Ascomycota	Saccharomycetes	Saccharomycetales	Metschnikowiaceae	Metschnikowiaceae gen Incertae sedis	Metschnikowiaceae sp		2	3	9	0	0	0	3	2	0	0	0	0	0	0	0	0	0	0	89.473	0.0	10.527	0.0	0.996	9.263	Species	7	Metschnikowiaceae	2	19
MZ831231|SH0202670.10FU	Fungi;Ascomycota;Saccharomycetes;Saccharomycetales;Metschnikowiaceae;Metschnikowia;Metschnikowia_sp	Fungi	Ascomycota	Saccharomycetes	Saccharomycetales	Metschnikowiaceae	Metschnikowia	Metschnikowia sp		0	0	0	0	0	0	0	1	0	0	0	0	0	1	0	0	0	0	100.0	0.0	0.0	0.0	1.0	5.5	Species	7		0	2
KY852444|SH0205182.10FU	Fungi;Ascomycota;Saccharomycetes;Saccharomycetales;Pichiaceae;Dekkera;Dekkera_custersiana	Fungi	Ascomycota	Saccharomycetes	Saccharomycetales	Pichiaceae	Dekkera	Dekkera custersiana		0	0	3	0	0	0	0	0	1	0	0	0	1	0	0	0	0	0	39.998	0.0	60.002	0.0	0.997	2.398	AboveGenus	5	Lecanoromycetes	1	5
HE820824|SH0206172.10FU	Fungi;Basidiomycota;Basidiomycota_cls_Incertae_sedis;Basidiomycota_ord_Incertae_sedis;Basidiomycota_fam_Incertae_sedis;Basidiomycota_gen_Incertae_sedis;Basidiomycota_sp	Fungi	Basidiomycota	Basidiomycota cls Incertae sedis	Basidiomycota ord Incertae sedis	Basidiomycota fam Incertae sedis	Basidiomycota gen Incertae sedis	Basidiomycota sp		0	0	0	5	3	1	0	0	0	0	0	0	0	0	0	0	0	0	33.332	0.0	66.668	0.0	0.988	11.777	AboveGenus	5	Basidiomycota cls Incertae sedis	2	9
KU535802|SH0212778.10FU	Fungi;Ascomycota;Ascomycota_cls_Incertae_sedis;Ascomycota_ord_Incertae_sedis;Ascomycota_fam_Incertae_sedis;Ascomycota_gen_Incertae_sedis;Ascomycota_sp	Fungi	Ascomycota	Ascomycota cls Incertae sedis	Ascomycota ord Incertae sedis	Ascomycota fam Incertae sedis	Ascomycota gen Incertae sedis	Ascomycota sp		0	0	0	0	0	0	0	0	0	0	0	0	0	0	0	0	1	0	100.0	0.0	0.0	0.0	1.0	1.0	Species	7		0	1
HE820797|SH0214469.10FU	Fungi;Ascomycota;Dothideomycetes;Mycosphaerellales;Mycosphaerellaceae;Mycosphaerellaceae_gen_Incertae_sedis;Mycosphaerellaceae_sp	Fungi	Ascomycota	Dothideomycetes	Mycosphaerellales	Mycosphaerellaceae	Mycosphaerellaceae gen Incertae sedis	Mycosphaerellaceae sp		0	0	0	0	1	0	0	0	0	0	0	0	0	0	0	0	0	0	100.0	0.0	0.0	0.0	1.0	2.0	Species	7		0	1
KP196597|SH0216637.10FU	Fungi;Ascomycota;Saccharomycetes;Saccharomycetes_ord_Incertae_sedis;Saccharomycetes_fam_Incertae_sedis;Saccharomycetes_gen_Incertae_sedis;Saccharomycetes_sp	Fungi	Ascomycota	Saccharomycetes	Saccharomycetes ord Incertae sedis	Saccharomycetes fam Incertae sedis	Saccharomycetes gen Incertae sedis	Saccharomycetes sp		0	1	0	0	0	0	0	0	0	2	0	3	0	0	0	0	0	1	28.573	0.0	71.427	0.0	0.984	7.573	AboveGenus	5	Saccharomycetales	2	7
GQ505688|SH1049297.10FU	Fungi;Ascomycota;Sordariomycetes;Hypocreales;Nectriaceae;Fusarium;Fusarium_equiseti	Fungi	Ascomycota	Sordariomycetes	Hypocreales	Nectriaceae	Fusarium	Fusarium equiseti		0	0	0	3	0	0	0	0	0	0	0	0	0	0	0	0	0	0	33.33	0.0	66.67	0.0	0.993	1.0	AboveGenus	5	Cyclothyriella rubronotata	1	3
EU926229|SH1049904.10FU	Fungi;Ascomycota;Sordariomycetes;Hypocreales;Nectriaceae;Bisifusarium;Bisifusarium_delphinoides	Fungi	Ascomycota	Sordariomycetes	Hypocreales	Nectriaceae	Bisifusarium	Bisifusarium delphinoides		0	0	0	0	0	0	0	0	1	0	0	0	1	0	0	0	0	0	0.0	0.0	100.0	0.0	1.0	0.0	AboveGenus	5	Ophiostomatales	1	2
MF120477|SH1049921.10FU	Fungi;Ascomycota;Sordariomycetes;Hypocreales;Nectriaceae;Fusarium;Fusarium_algeriense	Fungi	Ascomycota	Sordariomycetes	Hypocreales	Nectriaceae	Fusarium	Fusarium algeriense		0	0	0	0	0	0	1	0	0	0	0	0	0	0	1	0	0	0	0.0	0.0	100.0	0.0	1.0	0.0	AboveGenus	5	Basidiomycota	1	2
GQ505754|SH1049973.10FU	Fungi;Ascomycota;Sordariomycetes;Hypocreales;Nectriaceae;Fusarium;Fusarium_brevicaudatum	Fungi	Ascomycota	Sordariomycetes	Hypocreales	Nectriaceae	Fusarium	Fusarium brevicaudatum		0	0	0	0	1	0	0	0	0	0	0	0	0	0	0	0	0	0	100.0	0.0	0.0	0.0	0.952	1.0	Species	7	Grosmannia fruticetum	1	1
KU234101|SH1050911.10FU	Fungi;Ascomycota;Dothideomycetes;Stigmatodiscales;Stigmatodiscaceae;Stigmatodiscus;Stigmatodiscus_tamaricis	Fungi	Ascomycota	Dothideomycetes	Stigmatodiscales	Stigmatodiscaceae	Stigmatodiscus	Stigmatodiscus tamaricis		0	0	0	0	0	0	1	0	0	0	0	0	0	0	0	0	0	0	100.0	0.0	0.0	0.0	1.0	2.0	Species	7		0	1
DQ002495|SH1051353.10FU	Fungi;Ascomycota;Saccharomycetes;Saccharomycetales;Metschnikowiaceae;Metschnikowia;Metschnikowia_noctiluminum	Fungi	Ascomycota	Saccharomycetes	Saccharomycetales	Metschnikowiaceae	Metschnikowia	Metschnikowia noctiluminum		0	0	0	0	0	0	0	0	1	0	0	0	0	3	0	0	0	0	75.0	25.0	0.0	0.0	0.996	1.248	Species	7	Metschnikowia noctiluminum	2	4
UDB0780948|SH1052427.10FU	Fungi;Ascomycota;Sordariomycetes;Hypocreales;Hypocreaceae;Hypocreaceae_gen_Incertae_sedis;Hypocreaceae_sp	Fungi	Ascomycota	Sordariomycetes	Hypocreales	Hypocreaceae	Hypocreaceae gen Incertae sedis	Hypocreaceae sp		0	2	3	0	0	0	1	1	0	0	0	0	1	2	0	0	0	0	10.0	0.0	90.0	0.0	0.966	0.9	AboveGenus	5	Dothideomycetes	2	10
MK050431|SH1053414.10FU	Fungi;Basidiomycota;Microbotryomycetes;Microbotryomycetes_ord_Incertae_sedis;Chrysozymaceae;Chrysozyma;Chrysozyma_sambuci	Fungi	Basidiomycota	Microbotryomycetes	Microbotryomycetes ord Incertae sedis	Chrysozymaceae	Chrysozyma	Chrysozyma sambuci		2556	2171	4341	41	15	8	0	3	5	6351	3633	4439	7	2	4	12	20	14	97.208	0.131	2.662	0.0	0.999	16.675	Species	7	Microbotryomycetes ord Incertae sedis	115	23622
KY102034|SH1054194.10FU	Fungi;Ascomycota;Saccharomycetes;Saccharomycetales;Debaryomycetaceae;Yamadazyma;Yamadazyma_sp	Fungi	Ascomycota	Saccharomycetes	Saccharomycetales	Debaryomycetaceae	Yamadazyma	Yamadazyma sp		0	0	0	1	0	0	0	0	0	0	0	0	0	0	0	0	0	0	0.0	100.0	0.0	0.0	0.914	1.0	Genus	6	Candida pseudoaaseri	1	1
KY102361|SH1054219.10FU	Fungi;Ascomycota;Saccharomycetes;Saccharomycetales;Saccharomycetales_fam_Incertae_sedis;Hyphopichia;Hyphopichia_rhagii	Fungi	Ascomycota	Saccharomycetes	Saccharomycetales	Saccharomycetales fam Incertae sedis	Hyphopichia	Hyphopichia rhagii		9	5	17	1	0	1	1	5	3	1	0	0	6	4	4	0	0	0	35.088	5.262	59.648	0.0	0.991	7.561	AboveGenus	5	Saccharomycetes	6	57
DQ885906|SH1064722.10FU	Fungi;Ascomycota;Dothideomycetes;Venturiales;Sympoventuriaceae;Sympoventuria;Sympoventuria_capensis	Fungi	Ascomycota	Dothideomycetes	Venturiales	Sympoventuriaceae	Sympoventuria	Sympoventuria capensis		0	0	0	4	1	1	0	0	0	0	0	0	0	0	0	0	0	0	66.667	0.0	33.333	0.0	0.982	2.167	Species	7	Parathielavia	1	6
HE962445|SH1076728.10FU	Fungi;Glomeromycota;Glomeromycetes;Gigasporales;Dentiscutataceae;Dentiscutata;Dentiscutata_savannicola	Fungi	Glomeromycota	Glomeromycetes	Gigasporales	Dentiscutataceae	Dentiscutata	Dentiscutata savannicola		0	0	0	1	1	1	0	0	0	0	0	0	0	0	0	0	0	0	66.667	0.0	33.333	0.0	1.0	1.0	Species	7	Basidiomycota	1	3
MN796484|SH1085816.10FU	Fungi;Ascomycota;Saccharomycetes;Saccharomycetales;Saccharomycetaceae;Saccharomyces;Saccharomyces_cerevisiae	Fungi	Ascomycota	Saccharomycetes	Saccharomycetales	Saccharomycetaceae	Saccharomyces	Saccharomyces cerevisiae		0	0	0	0	0	0	4	2	0	3	0	2	0	0	1	6	6	3	81.481	18.519	0.0	0.0	0.999	11.926	Species	7	Saccharomyces bayanus	3	27
KJ706829|SH1085852.10FU	Fungi;Ascomycota;Saccharomycetes;Saccharomycetales;Saccharomycetaceae;Saccharomyces;Saccharomyces_bayanus	Fungi	Ascomycota	Saccharomycetes	Saccharomycetales	Saccharomycetaceae	Saccharomyces	Saccharomyces bayanus		0	0	0	0	0	0	0	0	0	0	0	0	0	0	0	2	1	2	80.0	20.0	0.0	0.0	1.0	4.6	Species	7	Saccharomyces cerevisiae	1	5
MN796509|SH1085887.10FU	Fungi;Ascomycota;Saccharomycetes;Saccharomycetales;Saccharomycetaceae;Saccharomyces;Saccharomyces_cerevisiae	Fungi	Ascomycota	Saccharomycetes	Saccharomycetales	Saccharomycetaceae	Saccharomyces	Saccharomyces cerevisiae		0	0	0	0	1	0	7	9	3	3	7	4	1	0	0	10	9	9	85.715	7.937	6.349	0.0	0.993	11.555	Species	7	Saccharomyces bayanus	9	63
AB018043|SH1085902.10FU	Fungi;Ascomycota;Saccharomycetes;Saccharomycetales;Saccharomycetaceae;Saccharomyces;Saccharomyces_cerevisiae	Fungi	Ascomycota	Saccharomycetes	Saccharomycetales	Saccharomycetaceae	Saccharomyces	Saccharomyces cerevisiae		1	6	11	9	12	6	6315	4685	3413	2736	3188	4588	3	7	3	10133	5070	7756	98.864	1.089	0.047	0.0	0.999	48.742	Species	7	Saccharomyces bayanus	1209	47942
KJ707145|SH1085917.10FU	Fungi;Ascomycota;Saccharomycetes;Saccharomycetales;Saccharomycetaceae;Saccharomyces;Saccharomyces_bayanus	Fungi	Ascomycota	Saccharomycetes	Saccharomycetales	Saccharomycetaceae	Saccharomyces	Saccharomyces bayanus		0	0	0	0	0	0	0	0	0	0	0	0	0	0	1	5	3	2	100.0	0.0	0.0	0.0	0.994	2.727	Species	7	Saccharomyces cerevisiae	2	11
KJ707144|SH1085919.10FU	Fungi;Ascomycota;Saccharomycetes;Saccharomycetales;Saccharomycetaceae;Saccharomyces;Saccharomyces_cerevisiae	Fungi	Ascomycota	Saccharomycetes	Saccharomycetales	Saccharomycetaceae	Saccharomyces	Saccharomyces cerevisiae		0	0	0	0	0	0	0	1	1	0	0	0	0	0	0	0	0	2	100.0	0.0	0.0	0.0	1.0	2.5	Species	7		0	4
KJ707147|SH1085944.10FU	Fungi;Ascomycota;Saccharomycetes;Saccharomycetales;Saccharomycetaceae;Saccharomyces;Saccharomyces_kudriavzevii	Fungi	Ascomycota	Saccharomycetes	Saccharomycetales	Saccharomycetaceae	Saccharomyces	Saccharomyces kudriavzevii		0	0	0	0	0	0	0	0	0	0	0	0	0	0	0	1	0	0	0.0	100.0	0.0	0.0	0.998	1.0	Genus	6	Saccharomyces bayanus	1	1
MH307931|SH1085949.10FU	Fungi;Ascomycota;Saccharomycetes;Saccharomycetales;Saccharomycetaceae;Saccharomyces;Saccharomyces_cerevisiae	Fungi	Ascomycota	Saccharomycetes	Saccharomycetales	Saccharomycetaceae	Saccharomyces	Saccharomyces cerevisiae		0	0	0	0	0	0	2	0	0	0	0	1	0	0	0	4	0	1	87.5	12.5	0.0	0.0	1.0	2.75	Species	7	Saccharomyces bayanus	1	8
HM241692|SH1087273.10FU	Fungi;Ascomycota;Sordariomycetes;Chaetosphaeriales;Chaetosphaeriaceae;Pyrigemmula;Pyrigemmula_aurantiaca	Fungi	Ascomycota	Sordariomycetes	Chaetosphaeriales	Chaetosphaeriaceae	Pyrigemmula	Pyrigemmula aurantiaca		3	0	3	0	0	0	0	0	0	0	0	0	0	0	0	0	0	0	33.33	0.0	66.67	0.0	0.958	1.0	AboveGenus	5	Chaetosphaeriales	1	6
KP326583|SH1089095.10FU	Fungi;Ascomycota;Saccharomycetes;Saccharomycetales;Saccharomycetales_fam_Incertae_sedis;Candida;Candida_auris	Fungi	Ascomycota	Saccharomycetes	Saccharomycetales	Saccharomycetales fam Incertae sedis	Candida	Candida auris		2	3	8	0	0	0	3	2	1	0	0	0	0	0	0	0	0	0	63.158	0.0	36.842	0.0	0.994	8.893	Species	7	Basidiomycota	1	19
KY104193|SH1089499.10FU	Fungi;Ascomycota;Saccharomycetes;Saccharomycetales;Metschnikowiaceae;Metschnikowia;Metschnikowia_bicuspidata	Fungi	Ascomycota	Saccharomycetes	Saccharomycetales	Metschnikowiaceae	Metschnikowia	Metschnikowia bicuspidata		0	0	0	0	0	0	0	0	0	0	0	0	0	0	1	0	0	0	0.0	0.0	100.0	0.0	0.957	1.0	AboveGenus	5	Clavispora	1	1
MF538700|SH1089509.10FU	Fungi;Ascomycota;Saccharomycetes;Saccharomycetales;Metschnikowiaceae;Metschnikowia;Metschnikowia_citriensis	Fungi	Ascomycota	Saccharomycetes	Saccharomycetales	Metschnikowiaceae	Metschnikowia	Metschnikowia citriensis		0	0	1	0	0	0	0	0	1	0	0	0	0	2	0	0	0	0	0.0	75.0	25.0	0.0	0.972	0.25	Genus	6	Metschnikowia citriensis	2	4
KT029790|SH1089510.10FU	Fungi;Ascomycota;Saccharomycetes;Saccharomycetales;Metschnikowiaceae;Metschnikowia;Metschnikowia_pulcherrima	Fungi	Ascomycota	Saccharomycetes	Saccharomycetales	Metschnikowiaceae	Metschnikowia	Metschnikowia pulcherrima		0	0	1	0	0	0	0	1	0	0	0	0	0	2	0	0	0	0	25.0	75.0	0.0	0.0	0.974	1.0	Genus	6	Metschnikowia sp	3	4
OK052424|SH1089530.10FU	Fungi;Ascomycota;Saccharomycetes;Saccharomycetales;Metschnikowiaceae;Metschnikowia;Metschnikowia_sp	Fungi	Ascomycota	Saccharomycetes	Saccharomycetales	Metschnikowiaceae	Metschnikowia	Metschnikowia sp		0	1	0	0	0	0	0	0	0	0	0	0	1	0	0	0	0	0	50.0	50.0	0.0	0.0	0.984	1.0	Species	7	Metschnikowia pulcherrima	1	2
MN556603|SH1089533.10FU	Fungi;Ascomycota;Saccharomycetes;Saccharomycetales;Metschnikowiaceae;Metschnikowia;Metschnikowia_sp	Fungi	Ascomycota	Saccharomycetes	Saccharomycetales	Metschnikowiaceae	Metschnikowia	Metschnikowia sp		15	4	12	0	0	0	4	3	6	0	0	0	36	23	15	0	0	0	15.253	83.899	0.848	0.0	0.989	1.358	Genus	6	Metschnikowia pulcherrima	88	118
MG050886|SH1089536.10FU	Fungi;Ascomycota;Saccharomycetes;Saccharomycetales;Metschnikowiaceae;Metschnikowia;Metschnikowia_leonuri	Fungi	Ascomycota	Saccharomycetes	Saccharomycetales	Metschnikowiaceae	Metschnikowia	Metschnikowia leonuri		0	0	1	0	0	0	0	0	1	0	0	0	0	2	0	0	0	0	75.0	25.0	0.0	0.0	0.994	6.5	Species	7	Metschnikowia leonuri	1	4
KY102334|SH1089541.10FU	Fungi;Ascomycota;Saccharomycetes;Saccharomycetales;Metschnikowiaceae;Metschnikowia;Metschnikowia_pimensis	Fungi	Ascomycota	Saccharomycetes	Saccharomycetales	Metschnikowiaceae	Metschnikowia	Metschnikowia pimensis		0	0	0	0	0	0	0	0	0	0	0	0	2	0	0	0	0	0	100.0	0.0	0.0	0.0	1.0	3.0	Species	7		0	2
KM209325|SH1089542.10FU	Fungi;Ascomycota;Saccharomycetes;Saccharomycetales;Metschnikowiaceae;Metschnikowia;Metschnikowia_pulcherrima	Fungi	Ascomycota	Saccharomycetes	Saccharomycetales	Metschnikowiaceae	Metschnikowia	Metschnikowia pulcherrima		1354	1152	2415	0	6	0	741	524	365	3	3	2	4768	3781	1853	9	6	5	75.339	24.552	0.103	0.0	0.986	30.213	Species	7	Metschnikowia sp	9572	16987
MG050888|SH1089547.10FU	Fungi;Ascomycota;Saccharomycetes;Saccharomycetales;Metschnikowiaceae;Metschnikowia;Metschnikowia_rubicola	Fungi	Ascomycota	Saccharomycetes	Saccharomycetales	Metschnikowiaceae	Metschnikowia	Metschnikowia rubicola		1	0	1	0	0	0	0	0	1	0	0	0	3	3	1	0	1	0	54.546	36.363	9.091	0.0	0.982	6.455	Species	7	Metschnikowia rubicola	3	11
OR295852|SH1089549.10FU	Fungi;Ascomycota;Saccharomycetes;Saccharomycetales;Metschnikowiaceae;Metschnikowia;Metschnikowia_chrysoperlae	Fungi	Ascomycota	Saccharomycetes	Saccharomycetales	Metschnikowiaceae	Metschnikowia	Metschnikowia chrysoperlae		0	0	0	0	0	0	0	1	0	0	0	0	0	0	1	0	0	0	0.0	0.0	100.0	0.0	0.958	0.0	AboveGenus	5	Fungi fam Incertae sedis	1	2
KY104192|SH1089564.10FU	Fungi;Ascomycota;Saccharomycetes;Saccharomycetales;Metschnikowiaceae;Metschnikowia;Metschnikowia_bicuspidata	Fungi	Ascomycota	Saccharomycetes	Saccharomycetales	Metschnikowiaceae	Metschnikowia	Metschnikowia bicuspidata		1	0	2	0	0	0	0	0	0	0	0	0	0	0	1	0	0	0	50.0	50.0	0.0	0.0	0.956	2.5	Species	7	Metschnikowia noctiluminum	2	4
AF038334|SH1091413.10FU	Fungi;Ascomycota;Eurotiomycetes;Onygenales;Ajellomycetaceae;Ajellomyces;Ajellomyces_crescens	Fungi	Ascomycota	Eurotiomycetes	Onygenales	Ajellomycetaceae	Ajellomyces	Ajellomyces crescens		14	7	16	1	0	0	3	5	4	0	0	0	13	16	9	0	0	1	2.247	1.123	96.63	0.0	0.982	0.763	AboveGenus	5	Blastomyces	20	89
EF592154|SH1091420.10FU	Fungi;Ascomycota;Eurotiomycetes;Onygenales;Ajellomycetaceae;Blastomyces;Blastomyces_helicus	Fungi	Ascomycota	Eurotiomycetes	Onygenales	Ajellomycetaceae	Blastomyces	Blastomyces helicus		2	2	4	0	0	0	0	1	1	0	0	0	7	3	2	0	0	0	0.0	0.0	100.0	0.0	0.977	0.637	AboveGenus	5	Pezizomycetes	3	22
AF033422|SH1095328.10FU	Fungi;Ascomycota;Eurotiomycetes;Eurotiales;Aspergillaceae;Penicillium;Penicillium_citrinum	Fungi	Ascomycota	Eurotiomycetes	Eurotiales	Aspergillaceae	Penicillium	Penicillium citrinum		0	0	0	0	0	0	0	0	1	0	0	0	0	0	0	0	0	0	100.0	0.0	0.0	0.0	1.0	1.0	Species	7		0	1
HM451804|SH1132804.10FU	Fungi;Basidiomycota;Agaricomycetes;Sebacinales;Sebacinales_fam_Incertae_sedis;Sebacinales_gen_Incertae_sedis;Sebacinales_sp	Fungi	Basidiomycota	Agaricomycetes	Sebacinales	Sebacinales fam Incertae sedis	Sebacinales gen Incertae sedis	Sebacinales sp		0	0	1	0	0	0	0	0	0	0	0	0	0	0	0	0	1	0	0.0	0.0	100.0	0.0	0.96	0.5	AboveGenus	5	Eurotiomycetes	1	2
HM451818|SH1132926.10FU	Fungi;Basidiomycota;Agaricomycetes;Sebacinales;Sebacinales_fam_Incertae_sedis;Sebacinales_gen_Incertae_sedis;Sebacinales_sp	Fungi	Basidiomycota	Agaricomycetes	Sebacinales	Sebacinales fam Incertae sedis	Sebacinales gen Incertae sedis	Sebacinales sp		2	0	7	0	0	0	2	0	1	0	0	0	0	0	0	0	0	0	0.0	0.0	100.0	0.0	0.981	0.747	AboveGenus	5	Ascomycota	6	12
EU625953|SH1132929.10FU	Fungi;Basidiomycota;Agaricomycetes;Sebacinales;Serendipitaceae;Serendipitaceae_gen_Incertae_sedis;Serendipitaceae_sp	Fungi	Basidiomycota	Agaricomycetes	Sebacinales	Serendipitaceae	Serendipitaceae gen Incertae sedis	Serendipitaceae sp		2	2	7	0	0	0	2	2	2	0	0	0	1	0	0	0	0	0	0.0	0.0	100.0	0.0	0.989	0.887	AboveGenus	5	Sebacinales fam Incertae sedis	8	18
MK356291|SH1152414.10FU	Fungi;Ascomycota;Dothideomycetes;Pleosporales;Cucurbitariaceae;Fenestella;Fenestella_parafenestrata	Fungi	Ascomycota	Dothideomycetes	Pleosporales	Cucurbitariaceae	Fenestella	Fenestella parafenestrata		0	1	1	0	0	0	1	0	0	0	0	0	0	0	0	0	0	0	33.333	0.0	66.667	0.0	1.0	0.333	AboveGenus	5	Eurotiomycetes	1	3
KY350566|SH1166440.10FU	Fungi;Ascomycota;Lecanoromycetes;Peltigerales;Pannariaceae;Psoroma;Psoroma_antarcticum	Fungi	Ascomycota	Lecanoromycetes	Peltigerales	Pannariaceae	Psoroma	Psoroma antarcticum		2	1	2	0	0	0	3	0	0	0	0	0	3	0	0	0	0	0	9.09	0.0	90.91	0.0	0.995	1.91	AboveGenus	5	Lecanoromycetes	4	11
KX384172|SH1173840.10FU	Fungi;Basidiomycota;Agaricomycetes;Agaricales;Inocybaceae;Inocybe;Inocybe_baltica	Fungi	Basidiomycota	Agaricomycetes	Agaricales	Inocybaceae	Inocybe	Inocybe baltica		0	0	0	0	0	0	0	0	0	0	0	0	0	0	1	0	0	0	0.0	0.0	100.0	0.0	1.0	0.0	AboveGenus	5	Glomeromycota	1	1
DQ097847|SH1174598.10FU	Fungi;Ascomycota;Sordariomycetes;Ophiostomatales;Ophiostomataceae;Grosmannia;Grosmannia_fruticetum	Fungi	Ascomycota	Sordariomycetes	Ophiostomatales	Ophiostomataceae	Grosmannia	Grosmannia fruticetum		0	0	1	0	0	0	0	0	0	0	0	0	0	0	0	0	0	0	0.0	0.0	100.0	0.0	0.994	1.0	AboveGenus	5	Saccharomycetes	1	1
MW845873|SH1177969.10FU	Fungi;Basidiomycota;Agaricomycetes;Agaricales;Inocybaceae;Inocybe;Inocybe_dryadiana	Fungi	Basidiomycota	Agaricomycetes	Agaricales	Inocybaceae	Inocybe	Inocybe dryadiana		0	0	1	0	0	0	0	0	0	0	0	0	0	0	0	0	0	0	0.0	0.0	100.0	0.0	0.929	0.0	AboveGenus	5	Polyporales	1	1
AF454082|SH1184025.10FU	Fungi;Ascomycota;Eurotiomycetes;Eurotiales;Aspergillaceae;Penicillium;Penicillium_penicillioides	Fungi	Ascomycota	Eurotiomycetes	Eurotiales	Aspergillaceae	Penicillium	Penicillium penicillioides		0	2	2	0	0	0	0	0	0	0	0	0	0	0	0	0	0	0	0.0	0.0	100.0	0.0	0.979	0.5	AboveGenus	5	Aspergillus	1	4
MH392564|SH1187339.10FU	Fungi;Basidiomycota;Agaricomycetes;Hymenochaetales;Hymenochaetaceae;Fuscoporia;Fuscoporia_semiarida	Fungi	Basidiomycota	Agaricomycetes	Hymenochaetales	Hymenochaetaceae	Fuscoporia	Fuscoporia semiarida		0	0	0	1	0	0	0	0	0	0	0	0	0	0	0	0	0	0	0.0	0.0	100.0	0.0	0.997	0.0	AboveGenus	5	Tremellomycetes	1	1
KY102136|SH1187539.10FU	Fungi;Ascomycota;Saccharomycetes;Saccharomycetales;Saccharomycetales_fam_Incertae_sedis;Hyphopichia;Hyphopichia_homilentoma	Fungi	Ascomycota	Saccharomycetes	Saccharomycetales	Saccharomycetales fam Incertae sedis	Hyphopichia	Hyphopichia homilentoma		0	0	0	0	0	0	1	0	0	0	0	0	0	0	0	0	0	0	100.0	0.0	0.0	0.0	0.993	1.0	Species	7		0	1
AJ969625|SH1190955.10FU	Fungi;Ascomycota;Pezizomycetes;Pezizales;Tuberaceae;Tuber;Tuber_puberulum	Fungi	Ascomycota	Pezizomycetes	Pezizales	Tuberaceae	Tuber	Tuber puberulum		1	0	1	4	1	0	1	1	0	0	0	0	2	2	2	0	0	0	6.667	13.333	80.0	0.0	0.989	0.8	AboveGenus	5	Sordariomycetes	2	15
OL309930|SH1194108.10FU	Fungi;Ascomycota;Sordariomycetes;Ophiostomatales;Ophiostomataceae;Ceratocystiopsis;Ceratocystiopsis_chalcographi	Fungi	Ascomycota	Sordariomycetes	Ophiostomatales	Ophiostomataceae	Ceratocystiopsis	Ceratocystiopsis chalcographi		0	4	3	0	0	0	2	1	1	0	0	0	2	2	0	0	0	0	6.666	0.0	93.334	0.0	0.995	2.533	AboveGenus	5	Sordariomycetes	4	15
MN900984|SH1194136.10FU	Fungi;Ascomycota;Sordariomycetes;Ophiostomatales;Ophiostomataceae;Ceratocystiopsis;Ceratocystiopsis_synnemata	Fungi	Ascomycota	Sordariomycetes	Ophiostomatales	Ophiostomataceae	Ceratocystiopsis	Ceratocystiopsis synnemata		0	3	7	0	0	0	2	2	3	0	0	0	0	2	1	0	0	0	20.002	0.0	79.998	0.0	0.98	1.0	AboveGenus	5	Sordariomycetes	6	20
KM519195|SH1201843.10FU	Fungi;Basidiomycota;Atractiellomycetes;Atractiellales;Phleogenaceae;Atractidochium;Atractidochium_hillariae	Fungi	Basidiomycota	Atractiellomycetes	Atractiellales	Phleogenaceae	Atractidochium	Atractidochium hillariae		0	0	0	0	0	0	0	0	0	0	0	0	0	1	0	0	0	0	100.0	0.0	0.0	0.0	1.0	1.0	Species	7		0	1
KT949912|SH1209219.10FU	Fungi;Ascomycota;Sordariomycetes;Xylariales;Requienellaceae;Requienella;Requienella_seminuda	Fungi	Ascomycota	Sordariomycetes	Xylariales	Requienellaceae	Requienella	Requienella seminuda		13	4	14	0	0	0	4	0	1	0	0	0	16	4	5	0	0	0	44.262	19.672	36.066	0.0	0.983	0.968	Species	7	Metschnikowia pulcherrima	5	61
JN620351|SH1211497.10FU	Fungi;Basidiomycota;Agaricostilbomycetes;Agaricostilbales;Kondoaceae;Bensingtonia;Bensingtonia_rectispora	Fungi	Basidiomycota	Agaricostilbomycetes	Agaricostilbales	Kondoaceae	Bensingtonia	Bensingtonia rectispora		0	0	0	0	0	0	1	0	0	0	0	0	0	0	0	0	0	0	0.0	0.0	100.0	0.0	1.0	1.0	AboveGenus	5	Ascomycota	1	1
MN784988|SH1212416.10FU	Fungi;Ascomycota;Sordariomycetes;Diaporthales;Melanconidaceae;Melanconis;Melanconis_stilbostoma	Fungi	Ascomycota	Sordariomycetes	Diaporthales	Melanconidaceae	Melanconis	Melanconis stilbostoma		0	0	0	0	0	0	0	0	0	0	0	0	1	0	0	0	0	0	100.0	0.0	0.0	0.0	0.953	1.0	Species	7	Metschnikowia pulcherrima	1	1
MF767833|SH1215214.10FU	Fungi;Ascomycota;Saccharomycetes;Saccharomycetales;Saccharomycetaceae;Nakaseomyces;Nakaseomyces_glabratus	Fungi	Ascomycota	Saccharomycetes	Saccharomycetales	Saccharomycetaceae	Nakaseomyces	Nakaseomyces glabratus		7	15	29	5	1	2	100	61	82	41	5	46	68	71	18	120	30	85	45.802	0.636	53.562	0.0	0.987	11.377	AboveGenus	5	Zygotorulaspora dagestanica	123	786
MK050300|SH1218011.10FU	Fungi;Basidiomycota;Tremellomycetes;Tremellales;Bulleribasidiaceae;Derxomyces;Derxomyces_longicylindricus	Fungi	Basidiomycota	Tremellomycetes	Tremellales	Bulleribasidiaceae	Derxomyces	Derxomyces longicylindricus		65	47	114	0	0	0	20	13	10	0	0	0	0	0	1	0	0	0	68.149	0.0	31.851	0.0	0.987	1.006	Species	7	Saccharomycetales gen Incertae sedis	20	270
AF050252|SH1223080.10FU	Fungi;Ascomycota;Eurotiomycetes;Chaetothyriales;Herpotrichiellaceae;Capronia;Capronia_parasitica	Fungi	Ascomycota	Eurotiomycetes	Chaetothyriales	Herpotrichiellaceae	Capronia	Capronia parasitica		0	1	0	1	0	0	0	0	0	0	0	0	0	0	0	0	0	0	0.0	0.0	100.0	0.0	0.992	1.0	AboveGenus	5	Saccharomycetaceae	1	2
AY742702|SH1223757.10FU	Fungi;Ascomycota;Eurotiomycetes;Eurotiales;Aspergillaceae;Penicillium;Penicillium_coffeae	Fungi	Ascomycota	Eurotiomycetes	Eurotiales	Aspergillaceae	Penicillium	Penicillium coffeae		0	0	0	0	0	0	0	1	0	0	0	0	0	0	0	0	0	0	0.0	0.0	100.0	0.0	1.0	0.0	AboveGenus	5	Leotiomycetes	1	1
KT949907|SH1224638.10FU	Fungi;Ascomycota;Sordariomycetes;Amphisphaeriales;Pseudomassariaceae;Pseudomassaria;Pseudomassaria_corni	Fungi	Ascomycota	Sordariomycetes	Amphisphaeriales	Pseudomassariaceae	Pseudomassaria	Pseudomassaria corni		0	0	0	1	0	0	0	0	0	0	0	0	0	0	0	0	0	0	0.0	0.0	100.0	0.0	1.0	0.0	AboveGenus	5	Hypocreales	1	1
AB454271|SH1230400.10FU	Fungi;Ascomycota;Dothideomycetes;Botryosphaeriales;Phyllostictaceae;Phyllosticta;Phyllosticta_cryptomeriae	Fungi	Ascomycota	Dothideomycetes	Botryosphaeriales	Phyllostictaceae	Phyllosticta	Phyllosticta cryptomeriae		1	0	0	0	0	0	0	0	0	0	0	0	1	0	0	0	0	0	0.0	50.0	50.0	0.0	0.955	0.5	Genus	6	Debaryomycetaceae	1	2
HG936985|SH1231650.10FU	Fungi;Basidiomycota;Microbotryomycetes;Microbotryomycetes_ord_Incertae_sedis;Microbotryomycetes_fam_Incertae_sedis;Sampaiozyma;Sampaiozyma_sp	Fungi	Basidiomycota	Microbotryomycetes	Microbotryomycetes ord Incertae sedis	Microbotryomycetes fam Incertae sedis	Sampaiozyma	Sampaiozyma sp		4	1	6	0	0	0	0	0	0	0	0	0	0	0	0	0	0	0	72.729	0.0	27.271	0.0	0.964	30.635	Species	7	Rhodotorula sp	5	11
AF444541|SH1231669.10FU	Fungi;Basidiomycota;Microbotryomycetes;Sporidiobolales;Sporidiobolaceae;Rhodotorula;Rhodotorula_mucilaginosa	Fungi	Basidiomycota	Microbotryomycetes	Sporidiobolales	Sporidiobolaceae	Rhodotorula	Rhodotorula mucilaginosa		151	96	223	0	1	1	1	0	1	490	293	312	1	1	0	0	3	6	92.657	5.57	1.771	0.0	0.993	42.806	Species	7	Rhodotorula dairenensis	182	1580
UDB06551919|SH1231678.10FU	Fungi;Basidiomycota;Microbotryomycetes;Sporidiobolales;Sporidiobolaceae;Rhodotorula;Rhodotorula_sp	Fungi	Basidiomycota	Microbotryomycetes	Sporidiobolales	Sporidiobolaceae	Rhodotorula	Rhodotorula sp		2	2	4	0	0	0	0	0	0	2	0	1	0	0	0	1	0	0	16.667	66.667	16.667	0.0	1.0	2.333	Genus	6	Rhodotorula graminis	2	12
KJ707106|SH1231688.10FU	Fungi;Basidiomycota;Microbotryomycetes;Sporidiobolales;Sporidiobolaceae;Rhodotorula;Rhodotorula_babjevae	Fungi	Basidiomycota	Microbotryomycetes	Sporidiobolales	Sporidiobolaceae	Rhodotorula	Rhodotorula babjevae		1	1	0	0	0	0	0	0	0	0	0	0	0	0	0	0	0	0	0.0	100.0	0.0	0.0	1.0	1.0	Genus	6	Rhodotorula babjevae	2	2
JN246548|SH1231691.10FU	Fungi;Basidiomycota;Microbotryomycetes;Sporidiobolales;Sporidiobolaceae;Rhodotorula;Rhodotorula_sp	Fungi	Basidiomycota	Microbotryomycetes	Sporidiobolales	Sporidiobolaceae	Rhodotorula	Rhodotorula sp		0	0	1	0	0	0	0	0	0	0	0	0	0	0	0	0	0	0	100.0	0.0	0.0	0.0	1.0	7.0	Species	7		0	1
UDB06551920|SH1231705.10FU	Fungi;Basidiomycota;Microbotryomycetes;Sporidiobolales;Sporidiobolaceae;Rhodotorula;Rhodotorula_sp	Fungi	Basidiomycota	Microbotryomycetes	Sporidiobolales	Sporidiobolaceae	Rhodotorula	Rhodotorula sp		1	0	1	0	0	0	0	0	0	0	0	0	0	0	0	0	0	0	0.0	50.0	50.0	0.0	0.962	1.0	Genus	6	Microbotryomycetes ord Incertae sedis	1	2
KX515572|SH1231723.10FU	Fungi;Basidiomycota;Microbotryomycetes;Sporidiobolales;Sporidiobolaceae;Rhodotorula;Rhodotorula_sp	Fungi	Basidiomycota	Microbotryomycetes	Sporidiobolales	Sporidiobolaceae	Rhodotorula	Rhodotorula sp		0	0	0	0	0	0	0	0	0	1	0	0	0	0	0	0	0	0	0.0	100.0	0.0	0.0	1.0	1.0	Genus	6	Rhodotorula mucilaginosa	1	1
KJ707112|SH1231725.10FU	Fungi;Basidiomycota;Microbotryomycetes;Sporidiobolales;Sporidiobolaceae;Rhodotorula;Rhodotorula_diobovata	Fungi	Basidiomycota	Microbotryomycetes	Sporidiobolales	Sporidiobolaceae	Rhodotorula	Rhodotorula diobovata		1	0	1	0	0	0	0	0	0	1	2	2	0	0	0	0	0	0	100.0	0.0	0.0	0.0	0.999	2.857	Species	7		0	7
GU646862|SH1231733.10FU	Fungi;Basidiomycota;Microbotryomycetes;Sporidiobolales;Sporidiobolaceae;Rhodotorula;Rhodotorula_taiwanensis	Fungi	Basidiomycota	Microbotryomycetes	Sporidiobolales	Sporidiobolaceae	Rhodotorula	Rhodotorula taiwanensis		0	0	1	0	0	0	0	0	0	0	0	0	0	0	0	0	0	0	0.0	100.0	0.0	0.0	1.0	1.0	Genus	6	Rhodotorula dairenensis	1	1
OM181942|SH1231785.10FU	Fungi;Basidiomycota;Microbotryomycetes;Sporidiobolales;Sporidiobolaceae;Rhodotorula;Rhodotorula_diobovata	Fungi	Basidiomycota	Microbotryomycetes	Sporidiobolales	Sporidiobolaceae	Rhodotorula	Rhodotorula diobovata		3	5	9	0	0	0	0	0	0	13	10	8	0	0	0	0	0	0	95.833	2.083	2.083	0.0	0.995	3.812	Species	7	Rhodotorula glutinis	1	48
AB026006|SH1231794.10FU	Fungi;Basidiomycota;Microbotryomycetes;Sporidiobolales;Sporidiobolaceae;Rhodotorula;Rhodotorula_pacifica	Fungi	Basidiomycota	Microbotryomycetes	Sporidiobolales	Sporidiobolaceae	Rhodotorula	Rhodotorula pacifica		2	1	7	0	0	0	0	0	0	3	4	1	0	0	0	0	0	0	16.668	83.332	0.0	0.0	1.0	7.89	Genus	6	Rhodotorula mucilaginosa	10	18
AF444502|SH1231814.10FU	Fungi;Basidiomycota;Microbotryomycetes;Sporidiobolales;Sporidiobolaceae;Rhodotorula;Rhodotorula_diobovata	Fungi	Basidiomycota	Microbotryomycetes	Sporidiobolales	Sporidiobolaceae	Rhodotorula	Rhodotorula diobovata		87	63	153	0	1	0	0	1	0	454	249	236	2	2	1	2	5	1	94.432	4.454	1.112	0.0	0.997	15.352	Species	7	Rhodotorula graminis	86	1257
MT990560|SH1232156.10FU	Fungi;Ascomycota;Saccharomycetes;Saccharomycetales;Debaryomycetaceae;Yamadazyma;Yamadazyma_ovata	Fungi	Ascomycota	Saccharomycetes	Saccharomycetales	Debaryomycetaceae	Yamadazyma	Yamadazyma ovata		0	0	0	0	1	0	0	0	0	0	0	0	0	0	0	0	0	0	0.0	100.0	0.0	0.0	0.987	0.0	Genus	6	Yamadazyma mexicana	1	1
MH043587|SH1232215.10FU	Fungi;Ascomycota;Saccharomycetes;Saccharomycetales;Debaryomycetaceae;Yamadazyma;Yamadazyma_sp	Fungi	Ascomycota	Saccharomycetes	Saccharomycetales	Debaryomycetaceae	Yamadazyma	Yamadazyma sp		0	0	0	0	0	1	0	0	0	0	0	0	0	0	0	0	0	0	0.0	100.0	0.0	0.0	0.964	1.0	Genus	6	Yamadazyma mexicana	1	1
EF568069|SH1232229.10FU	Fungi;Ascomycota;Saccharomycetes;Saccharomycetales;Debaryomycetaceae;Yamadazyma;Yamadazyma_mexicana	Fungi	Ascomycota	Saccharomycetes	Saccharomycetales	Debaryomycetaceae	Yamadazyma	Yamadazyma mexicana		0	0	0	79	18	25	1	1	0	0	0	0	0	0	0	0	0	0	83.063	3.227	13.71	0.0	0.992	33.313	Species	7	Saccharomycetales fam Incertae sedis	7	124
EF652066|SH1232286.10FU	Fungi;Ascomycota;Eurotiomycetes;Eurotiales;Aspergillaceae;Aspergillus;Aspergillus_ruber	Fungi	Ascomycota	Eurotiomycetes	Eurotiales	Aspergillaceae	Aspergillus	Aspergillus ruber		11	7	15	0	0	0	7	6	2	0	0	0	0	0	0	0	0	0	0.0	10.417	89.583	0.0	0.988	0.915	AboveGenus	5	Eurotiomycetes	8	48
EF652085|SH1232324.10FU	Fungi;Ascomycota;Eurotiomycetes;Eurotiales;Aspergillaceae;Aspergillus;Aspergillus_xerophilus	Fungi	Ascomycota	Eurotiomycetes	Eurotiales	Aspergillaceae	Aspergillus	Aspergillus xerophilus		0	1	0	0	0	0	0	0	0	0	0	0	0	0	0	0	0	0	0.0	0.0	100.0	0.0	1.0	1.0	AboveGenus	5	Eurotiomycetes	1	1
KY189977|SH1233121.10FU	Fungi;Ascomycota;Dothideomycetes;Pleosporales;Cucurbitariaceae;Cucurbitaria;Cucurbitaria_piceae	Fungi	Ascomycota	Dothideomycetes	Pleosporales	Cucurbitariaceae	Cucurbitaria	Cucurbitaria piceae		7	3	17	5	2	3	4	4	0	0	0	0	2	1	1	0	0	1	50.001	5.998	44.001	0.0	0.99	1.321	Species	7	Saccharomycetales gen Incertae sedis	5	50
EU517056|SH1234238.10FU	Fungi;Basidiomycota;Tremellomycetes;Tremellales;Bulleribasidiaceae;Derxomyces;Derxomyces_hainanensis	Fungi	Basidiomycota	Tremellomycetes	Tremellales	Bulleribasidiaceae	Derxomyces	Derxomyces hainanensis		37	25	61	0	0	0	14	3	3	0	0	1	0	0	0	0	0	0	60.42	0.0	39.58	0.0	0.986	0.984	Species	7	Saccharomycetales gen Incertae sedis	10	144
MN900990|SH1234559.10FU	Fungi;Ascomycota;Sordariomycetes;Ophiostomatales;Ophiostomataceae;Leptographium;Leptographium_alni	Fungi	Ascomycota	Sordariomycetes	Ophiostomatales	Ophiostomataceae	Leptographium	Leptographium alni		3	3	7	0	0	0	3	4	0	0	0	0	0	0	0	0	0	0	15.0	0.0	84.999	0.0	0.984	1.0	AboveGenus	5	Saccharomycetes	8	20
ON117632|SH1235064.10FU	Fungi;Ascomycota;Eurotiomycetes;Verrucariales;Verrucariaceae;Clavascidium;Clavascidium_sp	Fungi	Ascomycota	Eurotiomycetes	Verrucariales	Verrucariaceae	Clavascidium	Clavascidium sp		0	1	0	0	0	0	0	0	0	0	0	0	0	0	0	0	0	0	100.0	0.0	0.0	0.0	1.0	3.0	Species	7		0	1
EF669612|SH1237695.10FU	Fungi;Ascomycota;Eurotiomycetes;Eurotiales;Aspergillaceae;Aspergillus;Aspergillus_neoniveus	Fungi	Ascomycota	Eurotiomycetes	Eurotiales	Aspergillaceae	Aspergillus	Aspergillus neoniveus		0	0	1	0	0	0	0	0	0	0	0	0	0	0	0	0	0	0	0.0	0.0	100.0	0.0	1.0	1.0	AboveGenus	5	Eurotiomycetes	1	1
EF661176|SH1237700.10FU	Fungi;Ascomycota;Eurotiomycetes;Eurotiales;Aspergillaceae;Aspergillus;Aspergillus_robustus	Fungi	Ascomycota	Eurotiomycetes	Eurotiales	Aspergillaceae	Aspergillus	Aspergillus robustus		0	1	0	0	0	0	0	0	0	0	0	0	0	0	0	0	0	0	0.0	0.0	100.0	0.0	1.0	1.0	AboveGenus	5	Lecanoromycetes	1	1
KT897480|SH1239629.10FU	Fungi;Ascomycota;Pezizomycetes;Pezizales;Tuberaceae;Tuber;Tuber_pseudoseparans	Fungi	Ascomycota	Pezizomycetes	Pezizales	Tuberaceae	Tuber	Tuber pseudoseparans		1	0	0	1	1	2	0	0	0	1	0	0	1	1	0	0	0	0	0.0	12.5	87.5	0.0	0.997	2.125	AboveGenus	5	Pezizomycetes	3	8
AB054019|SH1242698.10FU	Fungi;Ascomycota;Saccharomycetes;Saccharomycetales;Debaryomycetaceae;Debaryomyces;Debaryomyces_robertsiae	Fungi	Ascomycota	Saccharomycetes	Saccharomycetales	Debaryomycetaceae	Debaryomyces	Debaryomyces robertsiae		0	0	0	54	49	48	0	0	0	0	1	0	0	1	0	0	0	0	86.277	11.764	1.962	0.0	0.993	37.989	Species	7	Debaryomyces prosopidis	20	153
HQ652068|SH1242736.10FU	Fungi;Ascomycota;Saccharomycetes;Saccharomycetales;Debaryomycetaceae;Debaryomycetaceae_gen_Incertae_sedis;Debaryomycetaceae_sp	Fungi	Ascomycota	Saccharomycetes	Saccharomycetales	Debaryomycetaceae	Debaryomycetaceae gen Incertae sedis	Debaryomycetaceae sp		0	0	0	1	0	0	0	0	0	0	0	0	0	0	0	0	0	0	100.0	0.0	0.0	0.0	1.0	2.0	Species	7		0	1
JN942656|SH1242786.10FU	Fungi;Ascomycota;Saccharomycetes;Saccharomycetales;Debaryomycetaceae;Debaryomyces;Debaryomyces_udenii	Fungi	Ascomycota	Saccharomycetes	Saccharomycetales	Debaryomycetaceae	Debaryomyces	Debaryomyces udenii		0	0	0	3	4	6	0	0	0	0	0	0	0	0	0	0	0	0	53.848	46.152	0.0	0.0	0.998	27.69	Species	7	Debaryomyces robertsiae	6	13
AB365470|SH1242804.10FU	Fungi;Ascomycota;Saccharomycetes;Saccharomycetales;Debaryomycetaceae;Yamadazyma;Yamadazyma_takamatsuzukensis	Fungi	Ascomycota	Saccharomycetes	Saccharomycetales	Debaryomycetaceae	Yamadazyma	Yamadazyma takamatsuzukensis		1918	1522	3287	8200	3968	4877	1206	753	628	1072	446	667	3870	3327	1397	35	35	30	79.069	15.452	5.478	0.0	0.992	21.135	Species	7	Metschnikowia sp	6737	37238
JN942657|SH1242810.10FU	Fungi;Ascomycota;Saccharomycetes;Saccharomycetales;Debaryomycetaceae;Debaryomyces;Debaryomyces_prosopidis	Fungi	Ascomycota	Saccharomycetes	Saccharomycetales	Debaryomycetaceae	Debaryomyces	Debaryomyces prosopidis		0	1	1	554	247	302	0	0	0	138	62	69	0	1	0	1	2	1	97.389	2.249	0.361	0.0	0.998	45.116	Species	7	Debaryomyces robertsiae	65	1379
EU568917|SH1242848.10FU	Fungi;Ascomycota;Saccharomycetes;Saccharomycetales;Debaryomycetaceae;Debaryomycetaceae_gen_Incertae_sedis;Debaryomycetaceae_sp	Fungi	Ascomycota	Saccharomycetes	Saccharomycetales	Debaryomycetaceae	Debaryomycetaceae gen Incertae sedis	Debaryomycetaceae sp		0	0	0	0	0	1	0	0	0	0	0	0	0	0	0	0	0	0	100.0	0.0	0.0	0.0	1.0	4.0	Species	7		0	1
LN873931|SH1244272.10FU	Fungi;Ascomycota;Eurotiomycetes;Eurotiales;Aspergillaceae;Aspergillus;Aspergillus_croceus	Fungi	Ascomycota	Eurotiomycetes	Eurotiales	Aspergillaceae	Aspergillus	Aspergillus croceus		8	5	11	0	0	0	0	6	3	0	0	0	1	0	1	0	0	0	5.714	2.857	91.429	0.0	0.991	1.0	AboveGenus	5	Eurotiomycetes	9	35
EF661213|SH1244519.10FU	Fungi;Ascomycota;Eurotiomycetes;Eurotiales;Aspergillaceae;Aspergillus;Aspergillus_diversus	Fungi	Ascomycota	Eurotiomycetes	Eurotiales	Aspergillaceae	Aspergillus	Aspergillus diversus		1	0	0	0	0	0	0	0	0	0	0	0	0	0	0	0	0	0	0.0	0.0	100.0	0.0	0.907	1.0	AboveGenus	5	Gibbosporina	1	1
AY939798|SH1245248.10FU	Fungi;Ascomycota;Saccharomycetes;Saccharomycetales;Saccharomycetales_fam_Incertae_sedis;Candida;Candida_parapsilosis	Fungi	Ascomycota	Saccharomycetes	Saccharomycetales	Saccharomycetales fam Incertae sedis	Candida	Candida parapsilosis		0	0	0	0	0	0	0	0	0	0	0	0	0	0	0	1	0	0	100.0	0.0	0.0	0.0	1.0	51.0	Species	7		0	1
UDB008996|SH1249118.10FU	Fungi;Basidiomycota;Agaricomycetes;Sebacinales;Sebacinaceae;Helvellosebacina;Helvellosebacina_sp	Fungi	Basidiomycota	Agaricomycetes	Sebacinales	Sebacinaceae	Helvellosebacina	Helvellosebacina sp		0	1	0	1	1	0	0	0	0	0	0	0	0	0	0	0	0	0	66.667	0.0	33.333	0.0	0.992	5.667	Species	7	Basidiomycota	1	3
AB365463|SH1249867.10FU	Fungi;Ascomycota;Saccharomycetes;Saccharomycetales;Debaryomycetaceae;Yamadazyma;Yamadazyma_tumulicola	Fungi	Ascomycota	Saccharomycetes	Saccharomycetales	Debaryomycetaceae	Yamadazyma	Yamadazyma tumulicola		466	380	794	563	178	218	278	167	109	5	6	4	1106	924	430	6	5	3	54.946	32.791	12.267	0.0	0.984	2.172	Species	7	Metschnikowia sp	2071	5642
OL439237|SH1253108.10FU	Fungi;Ascomycota;Sordariomycetes;Hypocreales;Nectriaceae;Thyronectria;Thyronectria_ulmi	Fungi	Ascomycota	Sordariomycetes	Hypocreales	Nectriaceae	Thyronectria	Thyronectria ulmi		1	0	0	0	0	0	1	0	0	0	0	0	0	1	1	0	0	0	25.0	0.0	75.0	0.0	0.984	1.0	AboveGenus	5	Eurotiomycetes	1	4
LC177378|SH1253797.10FU	Fungi;Ascomycota;Leotiomycetes;Helotiales;Erysiphaceae;Phyllactinia;Phyllactinia_lagerstroemiae	Fungi	Ascomycota	Leotiomycetes	Helotiales	Erysiphaceae	Phyllactinia	Phyllactinia lagerstroemiae		0	0	0	0	0	0	0	0	0	0	0	0	0	1	0	0	0	0	0.0	0.0	100.0	0.0	1.0	1.0	AboveGenus	5	Dothideomycetes	1	1
KX650544|SH1261904.10FU	Fungi;Ascomycota;Dothideomycetes;Pleosporales;Cyclothyriellaceae;Cyclothyriella;Cyclothyriella_rubronotata	Fungi	Ascomycota	Dothideomycetes	Pleosporales	Cyclothyriellaceae	Cyclothyriella	Cyclothyriella rubronotata		0	0	0	6	3	6	0	0	0	0	0	0	1	0	0	1	0	0	17.649	0.0	82.351	0.0	0.992	0.821	AboveGenus	5	Dothideomycetes	2	17
EF652036|SH1262657.10FU	Fungi;Ascomycota;Eurotiomycetes;Eurotiales;Aspergillaceae;Aspergillus;Aspergillus_penicillioides	Fungi	Ascomycota	Eurotiomycetes	Eurotiales	Aspergillaceae	Aspergillus	Aspergillus penicillioides		0	0	0	0	0	0	0	1	0	0	0	0	0	1	0	0	0	0	0.0	50.0	50.0	0.0	0.97	1.0	Genus	6	Aspergillus diversus	1	2
KY087614|SH1262680.10FU	Fungi;Ascomycota;Eurotiomycetes;Eurotiales;Aspergillaceae;Aspergillus;Aspergillus_glabripes	Fungi	Ascomycota	Eurotiomycetes	Eurotiales	Aspergillaceae	Aspergillus	Aspergillus glabripes		0	0	1	0	0	0	0	0	0	0	0	0	0	1	1	0	0	0	0.0	0.0	100.0	0.0	0.999	0.333	AboveGenus	5	Saccharomycetes	2	3
AF037431|SH1262732.10FU	Fungi;Ascomycota;Eurotiomycetes;Eurotiales;Aspergillaceae;Penicillium;Penicillium_pimiteouiense	Fungi	Ascomycota	Eurotiomycetes	Eurotiales	Aspergillaceae	Penicillium	Penicillium pimiteouiense		0	0	1	0	0	0	0	0	0	0	0	0	0	0	0	0	0	0	0.0	0.0	100.0	0.0	0.934	0.0	AboveGenus	5	Penicillium	1	1
MH857473|SH1262741.10FU	Fungi;Ascomycota;Eurotiomycetes;Eurotiales;Aspergillaceae;Pseudopenicillium;Pseudopenicillium_megasporum	Fungi	Ascomycota	Eurotiomycetes	Eurotiales	Aspergillaceae	Pseudopenicillium	Pseudopenicillium megasporum		0	0	0	0	0	0	1	0	0	0	0	0	1	0	0	0	0	0	0.0	0.0	100.0	0.0	0.959	0.5	AboveGenus	5	Penicillium	1	2
EF422845|SH1262748.10FU	Fungi;Ascomycota;Eurotiomycetes;Eurotiales;Aspergillaceae;Penicillium;Penicillium_parvulum	Fungi	Ascomycota	Eurotiomycetes	Eurotiales	Aspergillaceae	Penicillium	Penicillium parvulum		0	0	1	0	0	0	0	0	0	0	0	0	0	0	0	0	0	0	0.0	0.0	100.0	0.0	1.0	1.0	AboveGenus	5	Saccharomycetes	1	1
OR295760|SH1262872.10FU	Fungi;Ascomycota;Saccharomycetes;Saccharomycetales;Metschnikowiaceae;Metschnikowia;Metschnikowia_sinensis	Fungi	Ascomycota	Saccharomycetes	Saccharomycetales	Metschnikowiaceae	Metschnikowia	Metschnikowia sinensis		0	0	0	0	0	0	1	0	0	0	0	0	2	0	0	0	0	0	0.0	66.667	33.333	0.0	0.976	0.333	Genus	6	Metschnikowia chrysoperlae	1	3
FJ809871|SH1263115.10FU	Fungi;Ascomycota;Pezizomycetes;Pezizales;Tuberaceae;Tuber;Tuber_oregonense	Fungi	Ascomycota	Pezizomycetes	Pezizales	Tuberaceae	Tuber	Tuber oregonense		2	4	10	7	0	4	3	0	0	0	0	0	3	2	2	0	0	0	32.432	8.109	59.459	0.0	0.99	2.271	AboveGenus	5	Tuber oregonense	3	37
NR_155145|SH1263720.10FU	Fungi;Ascomycota;Saccharomycetes;Saccharomycetales;Dipodascaceae;Geotrichum;Geotrichum_ghanense	Fungi	Ascomycota	Saccharomycetes	Saccharomycetales	Dipodascaceae	Geotrichum	Geotrichum ghanense		0	0	1	753	280	302	0	0	0	1	1	0	1	0	0	0	3	5	79.509	0.0	20.491	0.0	0.986	7.213	Species	7	Geotrichum ghanense	373	1347
MH795088|SH1266152.10FU	Fungi;Ascomycota;Sordariomycetes;Hypocreales;Hypocreaceae;Sphaerostilbella;Sphaerostilbella_appalachiensis	Fungi	Ascomycota	Sordariomycetes	Hypocreales	Hypocreaceae	Sphaerostilbella	Sphaerostilbella appalachiensis		0	0	0	0	0	0	0	0	0	0	0	0	1	0	0	0	0	0	0.0	0.0	100.0	0.0	1.0	1.0	AboveGenus	5	Sordariomycetes	1	1
KT949914|SH1272920.10FU	Fungi;Ascomycota;Sordariomycetes;Amphisphaeriales;Sporocadaceae;Seiridium;Seiridium_marginatum	Fungi	Ascomycota	Sordariomycetes	Amphisphaeriales	Sporocadaceae	Seiridium	Seiridium marginatum		0	0	0	0	0	0	1	0	0	0	0	0	1	0	0	0	0	0	50.0	0.0	50.0	0.0	1.0	1.0	Species	7	Saccharomycetes	1	2
MF488990|SH1275123.10FU	Fungi;Ascomycota;Sordariomycetes;Xylariales;Barrmaeliaceae;Barrmaelia;Barrmaelia_rhamnicola	Fungi	Ascomycota	Sordariomycetes	Xylariales	Barrmaeliaceae	Barrmaelia	Barrmaelia rhamnicola		0	0	0	0	0	0	0	0	0	0	0	0	0	1	0	0	1	0	50.0	0.0	50.0	0.0	1.0	0.5	Species	7	Xylariales	1	2
UDB016713|SH1283675.10FU	Fungi;Basidiomycota;Agaricomycetes;Thelephorales;Thelephoraceae;Thelephora;Thelephora_parmastoana	Fungi	Basidiomycota	Agaricomycetes	Thelephorales	Thelephoraceae	Thelephora	Thelephora parmastoana		0	2	2	0	0	0	0	0	0	0	0	0	0	0	0	0	0	0	0.0	0.0	100.0	0.0	0.985	1.0	AboveGenus	5	Agaricomycetes	1	4
