OTU_ID	Taxonomy	Kingdom	Phylum	Class	Order	Family	Genus	Species	Details	MockA_2_T1	MockA_2_T2	MockA_2_T3	MockB_2_T1	MockB_2_T2	MockB_2_T3	MockC_2_T1	MockC_2_T2	MockC_2_T3	MockD_2_T1	MockD_2_T2	MockD_2_T3	MockE_2_T1	MockE_2_T2	MockE_2_T3	MockF_2_T1	MockF_2_T2	MockF_2_T3
MZ144123|SH1290480.10FU	Fungi;Basidiomycota;Agaricomycetes;Agaricales;Inocybaceae;Inocybe;Inocybe_blandula	Fungi	Basidiomycota	Agaricomycetes	Agaricales	Inocybaceae	Inocybe	Inocybe blandula		0.0	0.0	0.0	0.0	0.0	0.0	0.0	0.0	0.0	0.0	0.0	0.0	0.0	0.0	0.2495	0.0	0.0	0.0
MH872962|SH1292197.10FU	Fungi;Ascomycota;Dothideomycetes;Pleosporales;Dacampiaceae;Aaosphaeria;Aaosphaeria_arxii	Fungi	Ascomycota	Dothideomycetes	Pleosporales	Dacampiaceae	Aaosphaeria	Aaosphaeria arxii		0.0	0.0	0.0	0.0	0.798	0.0	0.0	0.0	0.0	0.0	0.0	0.0	0.0	0.0	0.0	0.0	0.0	0.0
OR096089|SH1292393.10FU	Fungi;Ascomycota;Saccharomycetes;Saccharomycetales;Metschnikowiaceae;Metschnikowia;Metschnikowia_reukaufii	Fungi	Ascomycota	Saccharomycetes	Saccharomycetales	Metschnikowiaceae	Metschnikowia	Metschnikowia reukaufii		0.0	0.5	0.0	0.0	0.0	0.0	0.0	0.0	0.0	0.0	0.0	0.0	0.0	0.0	0.0	0.0	0.0	0.0
AB998450|SH1292407.10FU	Fungi;Ascomycota;Saccharomycetes;Saccharomycetales;Metschnikowiaceae;Metschnikowia;Metschnikowia_sp	Fungi	Ascomycota	Saccharomycetes	Saccharomycetales	Metschnikowiaceae	Metschnikowia	Metschnikowia sp		0.0	0.5	0.0	0.0	0.0	0.0	0.0	0.0	0.0	0.0	0.0	0.0	0.0	0.0	0.2229	0.0	0.0	0.0
NR_156313|SH1292419.10FU	Fungi;Ascomycota;Saccharomycetes;Saccharomycetales;Metschnikowiaceae;Metschnikowia;Metschnikowia_kofuensis	Fungi	Ascomycota	Saccharomycetes	Saccharomycetales	Metschnikowiaceae	Metschnikowia	Metschnikowia kofuensis		1.0001	0.0	0.0	0.0	0.0	0.0	0.9479	0.0	1.0001	0.0	0.0	0.0	0.0	6.9368	1.2271	0.0	0.0	0.0
LN909471|SH1292423.10FU	Fungi;Ascomycota;Saccharomycetes;Saccharomycetales;Metschnikowiaceae;Metschnikowia;Metschnikowia_sp	Fungi	Ascomycota	Saccharomycetes	Saccharomycetales	Metschnikowiaceae	Metschnikowia	Metschnikowia sp		0.0	0.0	0.0	0.0	0.0	0.0	0.0	0.0	0.0	0.0	0.0	0.0	0.0	0.3807	0.0	0.0	0.0	0.0
AF038320|SH1292487.10FU	Fungi;Ascomycota;Eurotiomycetes;Onygenales;Ajellomycetaceae;Emmonsiellopsis;Emmonsiellopsis_terrestris	Fungi	Ascomycota	Eurotiomycetes	Onygenales	Ajellomycetaceae	Emmonsiellopsis	Emmonsiellopsis terrestris		6.1684	8.4684	10.6696	0.0	0.0	0.0	3.0599	5.2642	0.3815	0.0	0.0	0.0	5.9701	1.6705	0.0	0.0	0.0	0.0
EU343830|SH1295583.10FU	Fungi;Ascomycota;Saccharomycetes;Saccharomycetales;Metschnikowiaceae;Clavispora;Clavispora_fructus	Fungi	Ascomycota	Saccharomycetes	Saccharomycetales	Metschnikowiaceae	Clavispora	Clavispora fructus		0.0	0.0	1.9154	0.0	0.0	0.0	2.3646	0.0	0.0	0.0	0.0	0.0	0.0	0.82	0.0	0.0	0.0	0.0
KM887880|SH1298901.10FU	Fungi;Ascomycota;Lecanoromycetes;Peltigerales;Pannariaceae;Gibbosporina;Gibbosporina_mascarena	Fungi	Ascomycota	Lecanoromycetes	Peltigerales	Pannariaceae	Gibbosporina	Gibbosporina mascarena		2.1902	7.148	13.1886	0.0	0.0	0.0	3.4483	2.3129	0.0	0.0	0.0	0.0	2.5433	4.1404	2.8451	0.0	0.0	0.0
KY174990|SH1304456.10FU	Fungi;Basidiomycota;Agaricomycetes;Polyporales;Steccherinaceae;Steccherinum;Steccherinum_neonitidum	Fungi	Basidiomycota	Agaricomycetes	Polyporales	Steccherinaceae	Steccherinum	Steccherinum neonitidum		0.0991	0.0	0.0579	0.0	0.0	0.0	0.0	0.0	0.0	0.0	0.0	0.0	0.0	0.0168	0.0	0.0	0.0	0.0
UDB019683|SH1304469.10FU	Fungi;Basidiomycota;Agaricomycetes;Polyporales;Steccherinaceae;Junghuhnia;Junghuhnia_pseudozilingiana	Fungi	Basidiomycota	Agaricomycetes	Polyporales	Steccherinaceae	Junghuhnia	Junghuhnia pseudozilingiana		1.9426	0.0	0.0	0.0	0.0	0.0	0.0	0.0	0.0	0.0	0.0	0.0	0.0	0.0	0.0	0.0	0.0	0.0
AF033401|SH1307833.10FU	Fungi;Ascomycota;Eurotiomycetes;Eurotiales;Aspergillaceae;Penicillium;Penicillium_adametzii	Fungi	Ascomycota	Eurotiomycetes	Eurotiales	Aspergillaceae	Penicillium	Penicillium adametzii		0.0	0.0	0.0	0.0	0.0	0.0	0.0	0.0844	0.0	0.0	0.0	0.0	0.0	0.0	0.0	0.0	0.0	0.0
HE649956|SH1309406.10FU	Fungi;Basidiomycota;Agaricomycetes;Agaricales;Lyophyllaceae;Ossicaulis;Ossicaulis_lachnopus	Fungi	Basidiomycota	Agaricomycetes	Agaricales	Lyophyllaceae	Ossicaulis	Ossicaulis lachnopus		2.4573	0.0	0.0	0.0	0.0	0.0	0.4398	0.0	0.0	0.0	0.0	0.0	0.7977	0.0	0.0	0.0	0.0	0.0
LC440109|SH1316763.10FU	Fungi;Ascomycota;Saccharomycetes;Saccharomycetales;Saccharomycetales_fam_Incertae_sedis;Candida;Candida_xylosifermentans	Fungi	Ascomycota	Saccharomycetes	Saccharomycetales	Saccharomycetales fam Incertae sedis	Candida	Candida xylosifermentans		0.0	0.0	0.8756	0.0	0.0	0.0	0.0	0.0	1.0013	0.0	0.0	0.0	0.0	0.0	0.0	0.0	0.0	0.0
AY540126|SH1317812.10FU	Fungi;Ascomycota;Leotiomycetes;Helotiales;Dermateaceae;Pezicula;Pezicula_ericae	Fungi	Ascomycota	Leotiomycetes	Helotiales	Dermateaceae	Pezicula	Pezicula ericae		0.0	0.0	1.0405	0.0	0.0	0.0	0.0	0.0	0.0	0.9987	0.0	0.0	0.0	0.0	1.0001	0.0	0.0	0.0
KF499360|SH1320364.10FU	Fungi;Ascomycota;Leotiomycetes;Helotiales;Rutstroemiaceae;Bicornispora;Bicornispora_seditiosa	Fungi	Ascomycota	Leotiomycetes	Helotiales	Rutstroemiaceae	Bicornispora	Bicornispora seditiosa		0.0147	0.0	0.0	0.0	0.0	0.0	2.0412	0.0	0.9693	0.0	0.0	0.0	1.3281	1.1319	0.0	0.0	0.0	0.0
AB747653|SH1326507.10FU	Fungi;Ascomycota;Saccharomycetes;Saccharomycetales;Lipomycetaceae;Lipomyces;Lipomyces_kononenkoae	Fungi	Ascomycota	Saccharomycetes	Saccharomycetales	Lipomycetaceae	Lipomyces	Lipomyces kononenkoae		1.3922	0.4895	1.5628	3.9011	0.0	0.5132	1.1202	6.8299	0.197	0.0	1.004	0.0	29.4212	20.1923	2.0176	0.0514	0.0	0.9149
AB747658|SH1326511.10FU	Fungi;Ascomycota;Saccharomycetes;Saccharomycetales;Lipomycetaceae;Lipomyces;Lipomyces_spencermartinsiae	Fungi	Ascomycota	Saccharomycetes	Saccharomycetales	Lipomycetaceae	Lipomyces	Lipomyces spencermartinsiae		1.205	0.5294	0.0352	0.0	0.0	0.0	11.5589	5.8282	12.8912	1.0099	0.0	0.0	21.3072	26.8635	11.414	1.7937	0.0	2.3623
MK530453|SH1326679.10FU	Fungi;Ascomycota;Leotiomycetes;Helotiales;Erysiphaceae;Podosphaera;Podosphaera_ampla	Fungi	Ascomycota	Leotiomycetes	Helotiales	Erysiphaceae	Podosphaera	Podosphaera ampla		1.2265	2.2758	1.4459	0.0	0.0	0.0	0.0	0.0	0.0	0.0	0.0	0.0	1.0589	0.0	0.0	0.0	0.0	0.0
AB054117|SH1332013.10FU	Fungi;Ascomycota;Saccharomycetes;Saccharomycetales;Debaryomycetaceae;Priceomyces;Priceomyces_haplophilus	Fungi	Ascomycota	Saccharomycetes	Saccharomycetales	Debaryomycetaceae	Priceomyces	Priceomyces haplophilus		0.0	0.0	0.0	1.0	0.0	0.0	0.0	0.0	0.0	0.0	0.0	0.0	0.0	0.0	0.0	0.0	0.0	0.0
MN338576|SH1336299.10FU	Fungi;Basidiomycota;Agaricomycetes;Agaricales;Agaricaceae;Tulostoma;Tulostoma_striatum	Fungi	Basidiomycota	Agaricomycetes	Agaricales	Agaricaceae	Tulostoma	Tulostoma striatum		0.0	0.0	0.0	0.0	0.0	0.0	0.0	0.0	0.0	0.0	0.0	0.0	0.0	0.0	0.0	0.0	0.0	0.3172
KU519068|SH1336364.10FU	Fungi;Basidiomycota;Agaricomycetes;Agaricales;Agaricaceae;Tulostoma;Tulostoma_eckbladii	Fungi	Basidiomycota	Agaricomycetes	Agaricales	Agaricaceae	Tulostoma	Tulostoma eckbladii		0.623	0.0	0.0	0.0	0.0	0.0	0.0	0.0	0.0	0.0	0.0	0.0	0.0497	0.0	0.0	0.0	0.0	0.0
KM504131|SH1336434.10FU	Fungi;Ascomycota;Saccharomycetes;Saccharomycetales;Saccharomycetales_fam_Incertae_sedis;Candida;Candida_sp	Fungi	Ascomycota	Saccharomycetes	Saccharomycetales	Saccharomycetales fam Incertae sedis	Candida	Candida sp		0.0	0.0	0.0	0.3333	0.0	0.0	0.0	0.0	0.0	0.0	0.0	0.0	0.0	0.0	0.0	0.0	0.0	0.0
AJ697745|SH1336435.10FU	Fungi;Ascomycota;Saccharomycetes;Saccharomycetales;Saccharomycetales_fam_Incertae_sedis;Candida;Candida_sp	Fungi	Ascomycota	Saccharomycetes	Saccharomycetales	Saccharomycetales fam Incertae sedis	Candida	Candida sp		0.0	0.0	0.0	0.3333	0.0	0.0	0.0	0.0	0.0	0.0	0.0	0.0	0.0	0.0	0.0	0.0	0.0	0.0
KY102052|SH1336441.10FU	Fungi;Ascomycota;Saccharomycetes;Saccharomycetales;Saccharomycetales_fam_Incertae_sedis;Candida;Candida_digboiensis	Fungi	Ascomycota	Saccharomycetes	Saccharomycetales	Saccharomycetales fam Incertae sedis	Candida	Candida digboiensis		0.0	0.0	0.0	0.3333	0.0	0.0	0.0	0.0	0.0	0.0	0.0	0.0	0.0	0.0	0.0	0.0	0.0	0.0
MK926862|SH1338238.10FU	Fungi;Ascomycota;Sordariomycetes;Sordariales;Lasiosphaeriaceae;Schizothecium;Schizothecium_fimicola	Fungi	Ascomycota	Sordariomycetes	Sordariales	Lasiosphaeriaceae	Schizothecium	Schizothecium fimicola		0.0	0.0	0.0	0.0	0.0	0.0	0.0	0.0	0.0	0.0	0.0	0.0	0.6921	0.0	0.0	0.0	0.0	0.0
UDB016349|SH1338450.10FU	Fungi;Basidiomycota;Agaricomycetes;Polyporales;Hyphodermataceae;Hyphoderma;Hyphoderma_mutatum	Fungi	Basidiomycota	Agaricomycetes	Polyporales	Hyphodermataceae	Hyphoderma	Hyphoderma mutatum		0.0	0.0	0.0	0.0	0.0	0.0	0.0	0.0	0.0	0.0	0.0	0.0	0.0912	0.0	0.0	0.0	0.0	0.0
KJ507660|SH1339598.10FU	Fungi;Ascomycota;Saccharomycetes;Saccharomycetales;Saccharomycodaceae;Hanseniaspora;Hanseniaspora_uvarum	Fungi	Ascomycota	Saccharomycetes	Saccharomycetales	Saccharomycodaceae	Hanseniaspora	Hanseniaspora uvarum		0.0	0.0	1.7414	1.0	2.0	0.0	292.2131	390.0768	237.5356	0.0	2.0	1.0	553.2693	370.7527	245.0042	108.7913	50.0008	61.9076
MG776374|SH1354955.10FU	Fungi;Ascomycota;Saccharomycetes;Saccharomycetales;Dipodascaceae;Dipodascus;Dipodascus_sp	Fungi	Ascomycota	Saccharomycetes	Saccharomycetales	Dipodascaceae	Dipodascus	Dipodascus sp		0.0	0.0	0.0	10.755	5.9412	0.0726	0.0	0.0	0.0	0.0	0.0	0.0	0.0	0.0	0.0	0.0	0.0	0.0
MH153596|SH1354959.10FU	Fungi;Ascomycota;Saccharomycetes;Saccharomycetales;Dipodascaceae;Dipodascus;Dipodascus_sp	Fungi	Ascomycota	Saccharomycetes	Saccharomycetales	Dipodascaceae	Dipodascus	Dipodascus sp		1.0	1.0	8.0	11295.2172	4226.3269	4220.8189	2.0	2.8733	6.0	2.0013	5.9999	13.0635	6.0	6.0	3.0	12.8334	21.9711	96.0073
UDB05237940|SH1354967.10FU	Fungi;Ascomycota;Saccharomycetes;Saccharomycetales;Dipodascaceae;Dipodascus;Dipodascus_sp	Fungi	Ascomycota	Saccharomycetes	Saccharomycetales	Dipodascaceae	Dipodascus	Dipodascus sp		0.0	0.0	0.0	170.184	55.1785	61.9286	0.0	0.1267	0.0	0.0	0.0	1.9365	0.0	0.0	0.0	1.1666	0.0245	0.0
MH153552|SH1354973.10FU	Fungi;Ascomycota;Saccharomycetes;Saccharomycetales;Dipodascaceae;Dipodascus;Dipodascus_sp	Fungi	Ascomycota	Saccharomycetes	Saccharomycetales	Dipodascaceae	Dipodascus	Dipodascus sp		0.0	0.0	0.0	65.0224	16.5693	22.6552	1.0	0.0	0.0	0.0	0.0	0.0	0.0	0.0	0.0	0.0	0.9755	0.0
MK926830|SH1355232.10FU	Fungi;Ascomycota;Sordariomycetes;Sordariales;Chaetomiaceae;Pseudothielavia;Pseudothielavia_arxii	Fungi	Ascomycota	Sordariomycetes	Sordariales	Chaetomiaceae	Pseudothielavia	Pseudothielavia arxii		0.0	0.0	0.0	0.3593	0.0	0.0	0.0	0.0	0.0	0.0	0.0	0.0	0.0	0.0	0.0	0.0	0.0	0.0
HM365253|SH1355241.10FU	Fungi;Ascomycota;Sordariomycetes;Sordariales;Chaetomiaceae;Chaetomium;Chaetomium_grande	Fungi	Ascomycota	Sordariomycetes	Sordariales	Chaetomiaceae	Chaetomium	Chaetomium grande		0.0	0.0	0.0	0.361	0.0	0.0	0.0	0.0	0.0	0.0	0.0	0.0	0.0	0.0	0.0	0.0	0.0	0.0
MK926827|SH1355369.10FU	Fungi;Ascomycota;Sordariomycetes;Sordariales;Chaetomiaceae;Parathielavia;Parathielavia_appendiculata	Fungi	Ascomycota	Sordariomycetes	Sordariales	Chaetomiaceae	Parathielavia	Parathielavia appendiculata		0.0	0.0	0.0	0.3573	0.0	0.0	0.0	0.0	0.0	0.0	0.0	0.0	0.0	0.0	0.0	0.0	0.0	0.0
MK926837|SH1355506.10FU	Fungi;Ascomycota;Sordariomycetes;Sordariales;Chaetomiaceae;Thermothielavioides;Thermothielavioides_terrestris	Fungi	Ascomycota	Sordariomycetes	Sordariales	Chaetomiaceae	Thermothielavioides	Thermothielavioides terrestris		0.0	0.3463	5.5477	0.0	0.0	0.0	0.0	0.0	0.0	0.0	0.0	0.0	0.0	0.0	0.0	0.0	0.0	0.0
KJ707079|SH1356105.10FU	Fungi;Ascomycota;Saccharomycetes;Saccharomycetales;Saccharomycodaceae;Hanseniaspora;Hanseniaspora_uvarum	Fungi	Ascomycota	Saccharomycetes	Saccharomycetales	Saccharomycodaceae	Hanseniaspora	Hanseniaspora uvarum		0.0	0.0	0.0	0.0	0.0	0.0	0.0	0.0	0.0	0.0	0.0	0.0	0.0	1.0004	0.0	0.0	0.0	0.0
AJ271031|SH1356106.10FU	Fungi;Ascomycota;Saccharomycetes;Saccharomycetales;Saccharomycodaceae;Hanseniaspora;Hanseniaspora_uvarum	Fungi	Ascomycota	Saccharomycetes	Saccharomycetales	Saccharomycodaceae	Hanseniaspora	Hanseniaspora uvarum		0.0	0.0	1.2576	0.0	0.0	0.0	1.9898	2.0271	2.1115	0.0	0.0	0.0	1.2864	0.0	0.0543	2.3886	0.0	1.6871
JQ002681|SH1356857.10FU	Fungi;Basidiomycota;Tremellomycetes;Cystofilobasidiales;Mrakiaceae;Udeniomyces;Udeniomyces_kanasensis	Fungi	Basidiomycota	Tremellomycetes	Cystofilobasidiales	Mrakiaceae	Udeniomyces	Udeniomyces kanasensis		0.0	0.0	0.0	0.0	0.0	0.0	0.0	0.0	0.0	1.0	0.0	0.0	0.3331	0.1848	0.0	0.0	0.0	0.0
MN631375|SH1357460.10FU	Fungi;Ascomycota;Leotiomycetes;Helotiales;Erysiphaceae;Neoerysiphe;Neoerysiphe_sechii	Fungi	Ascomycota	Leotiomycetes	Helotiales	Erysiphaceae	Neoerysiphe	Neoerysiphe sechii		0.0	0.0	0.0	0.0	0.0	0.0	0.0	0.0	0.0	0.0	0.0	0.0	0.0	0.0	0.0	1.0	0.0	0.0
MK050336|SH1358782.10FU	Fungi;Basidiomycota;Tremellomycetes;Holtermanniales;Holtermanniaceae;Holtermannia;Holtermannia_saccardoi	Fungi	Basidiomycota	Tremellomycetes	Holtermanniales	Holtermanniaceae	Holtermannia	Holtermannia saccardoi		0.0	0.0	0.0	0.0	0.0	0.0	0.0	0.0	0.0	0.0	1.0	0.0	0.0	0.0	0.0	0.0	0.0	0.0
UDB018797|SH1363664.10FU	Fungi;Basidiomycota;Agaricomycetes;Agaricales;Lyophyllaceae;Asterophora;Asterophora_parasitica	Fungi	Basidiomycota	Agaricomycetes	Agaricales	Lyophyllaceae	Asterophora	Asterophora parasitica		0.0	0.0	0.0	0.0	0.0	0.0	0.0	0.0	0.0	0.0	0.0	0.0	0.0634	0.0	0.0	0.0	0.0	0.0
KU709855|SH1363667.10FU	Fungi;Basidiomycota;Agaricomycetes;Agaricales;Agaricales_fam_Incertae_sedis;Atractosporocybe;Atractosporocybe_polaris	Fungi	Basidiomycota	Agaricomycetes	Agaricales	Agaricales fam Incertae sedis	Atractosporocybe	Atractosporocybe polaris		0.0	0.0	0.0	0.0	0.0	0.0	0.3418	0.0	0.0	0.0	0.0	1.0015	0.0	0.0	0.0	0.0	0.0	0.0
AM947668|SH1370164.10FU	Fungi;Ascomycota;Sordariomycetes;Hypocreales;Bionectriaceae;Geosmithia;Geosmithia_rufescens	Fungi	Ascomycota	Sordariomycetes	Hypocreales	Bionectriaceae	Geosmithia	Geosmithia rufescens		0.0	0.9013	0.0	0.0	0.0	0.0	0.0	0.0	0.0	0.0	0.0	0.0	0.0	0.1622	0.0	0.0	0.0	0.0
MF767817|SH1382628.10FU	Fungi;Ascomycota;Saccharomycetes;Saccharomycetales;Saccharomycetales_fam_Incertae_sedis;Candida;Candida_albicans	Fungi	Ascomycota	Saccharomycetes	Saccharomycetales	Saccharomycetales fam Incertae sedis	Candida	Candida albicans		1.2941	5.0969	8.693	277.3082	51.5386	79.01	14.2376	2.0794	6.687	15.6022	2.5597	11.5496	20.8404	28.3025	2.5736	5.1776	4.1739	1.7515
KX190848|SH1384629.10FU	Fungi;Basidiomycota;Pucciniomycetes;Pucciniales;Pucciniaceae;Puccinia;Puccinia_emaculata	Fungi	Basidiomycota	Pucciniomycetes	Pucciniales	Pucciniaceae	Puccinia	Puccinia emaculata		0.0	0.0	1.2231	0.0	0.0	0.0	0.0	0.0	0.0	0.0	0.0	0.0	0.0	0.0	0.0	0.0	0.0	0.0
KT899452|SH1393432.10FU	Fungi;Ascomycota;Sordariomycetes;Hypocreales;Nectriaceae;Fusarium;Fusarium_solani	Fungi	Ascomycota	Sordariomycetes	Hypocreales	Nectriaceae	Fusarium	Fusarium solani		0.0	0.0	0.0	0.0	0.0	0.0	0.0	0.0	0.0	0.0	0.0	0.0	0.1815	0.0	0.0	0.0	0.0	0.0
KT899450|SH1393437.10FU	Fungi;Ascomycota;Sordariomycetes;Hypocreales;Nectriaceae;Fusarium;Fusarium_sp	Fungi	Ascomycota	Sordariomycetes	Hypocreales	Nectriaceae	Fusarium	Fusarium sp		0.0	0.0	0.0	0.0	0.0	0.0	0.0	0.0	0.0	0.0	0.0	0.0	0.1815	0.0	0.0	0.0	0.0	0.0
OR295781|SH1393960.10FU	Fungi;Ascomycota;Saccharomycetes;Saccharomycetales;Metschnikowiaceae;Metschnikowia;Metschnikowia_pulcherrima	Fungi	Ascomycota	Saccharomycetes	Saccharomycetales	Metschnikowiaceae	Metschnikowia	Metschnikowia pulcherrima		0.0	0.0	0.0	0.0	0.0	0.0	0.0	0.0	0.0	0.0	0.0	0.0	1.1369	0.0	0.0	0.0	0.0	0.0
FJ623593|SH1393972.10FU	Fungi;Ascomycota;Saccharomycetes;Saccharomycetales;Metschnikowiaceae;Metschnikowia;Metschnikowia_chrysoperlae	Fungi	Ascomycota	Saccharomycetes	Saccharomycetales	Metschnikowiaceae	Metschnikowia	Metschnikowia chrysoperlae		746.4822	686.0587	1498.0203	0.0	2.8058	0.9627	458.3322	310.0293	253.3312	0.0	1.0	0.9975	3225.5109	2711.9748	1116.7794	5.8258	8.729	2.9643
AY494780|SH1393982.10FU	Fungi;Ascomycota;Saccharomycetes;Saccharomycetales;Metschnikowiaceae;Metschnikowia;Metschnikowia_picachoensis	Fungi	Ascomycota	Saccharomycetes	Saccharomycetales	Metschnikowiaceae	Metschnikowia	Metschnikowia picachoensis		0.0	1.373	1.0013	0.0	0.0	0.0	0.0	0.0	1.0005	0.0	0.0	0.0	3.4113	4.3615	1.0532	0.0	0.0	0.0
MH712825|SH1398454.10FU	Fungi;Basidiomycota;Tremellomycetes;Tremellales;Tremellaceae;Tremella;Tremella_cheejenii	Fungi	Basidiomycota	Tremellomycetes	Tremellales	Tremellaceae	Tremella	Tremella cheejenii		0.0	0.0	0.0	0.0	0.0	0.0	0.0	0.0	1.0	0.0	0.0	0.0	0.0	0.0	0.0	0.0	0.0	0.0
AY174797|SH1403854.10FU	Fungi;Basidiomycota;Agaricomycetes;Agaricales;Cortinariaceae;Cortinarius;Cortinarius_saginus	Fungi	Basidiomycota	Agaricomycetes	Agaricales	Cortinariaceae	Cortinarius	Cortinarius saginus		0.0	0.0	1.6545	0.0	0.0	0.0	0.0	0.0	0.0	0.0	0.0	0.0	0.0	0.0	0.0	0.0	0.0	0.3432
AY500375|SH1409562.10FU	Fungi;Ascomycota;Saccharomycetes;Saccharomycetales;Saccharomycetales_fam_Incertae_sedis;Candida;Candida_haemuloni	Fungi	Ascomycota	Saccharomycetes	Saccharomycetales	Saccharomycetales fam Incertae sedis	Candida	Candida haemuloni		4576.8103	3647.3643	7946.861	6.0	3.0	5.0	2540.883	1702.8105	1096.1139	2.9289	2.0	2.0	5.9823	5.0	3.0	23.7103	21.0	11.0
JX459687|SH1409563.10FU	Fungi;Ascomycota;Saccharomycetes;Saccharomycetales;Saccharomycetales_fam_Incertae_sedis;Saccharomycetales_gen_Incertae_sedis;Saccharomycetales_sp	Fungi	Ascomycota	Saccharomycetes	Saccharomycetales	Saccharomycetales fam Incertae sedis	Saccharomycetales gen Incertae sedis	Saccharomycetales sp		3.9374	4.5252	6.4945	0.0	0.0	0.0	2.7747	0.0	0.0	0.0	0.0	0.0	0.0	0.0	0.0	0.0	0.0	0.0
MW561274|SH1410112.10FU	Fungi;Basidiomycota;Microbotryomycetes;Kriegeriales;Camptobasidiaceae;Camptobasidiaceae_gen_Incertae_sedis;Camptobasidiaceae_sp	Fungi	Basidiomycota	Microbotryomycetes	Kriegeriales	Camptobasidiaceae	Camptobasidiaceae gen Incertae sedis	Camptobasidiaceae sp		42.8946	48.1631	95.6574	1.0577	0.0	1.0506	0.0	0.0	0.0	177.8297	74.4367	126.8333	0.0	0.0	0.0	0.0	1.0006	1.0257
AB385698|SH1417374.10FU	Fungi;Ascomycota;Dothideomycetes;Venturiales;Sympoventuriaceae;Verruconis;Verruconis_calidifluminalis	Fungi	Ascomycota	Dothideomycetes	Venturiales	Sympoventuriaceae	Verruconis	Verruconis calidifluminalis		17.0615	10.4342	26.8091	0.8146	0.0	0.0	7.7778	4.3284	2.5799	0.0	0.0	0.0	0.2331	4.2492	0.0	0.0	0.0	0.0
MW036827|SH1417387.10FU	Fungi;Ascomycota;Saccharomycetes;Saccharomycetales;Saccharomycetaceae;Zygotorulaspora;Zygotorulaspora_dagestanica	Fungi	Ascomycota	Saccharomycetes	Saccharomycetales	Saccharomycetaceae	Zygotorulaspora	Zygotorulaspora dagestanica		520.6914	459.6289	860.8741	6.4315	3.2058	1.9156	1888.8672	910.7657	1045.5453	523.7561	178.5094	493.6587	1944.3256	2065.5578	516.4963	1056.7173	353.4787	784.0791
MT376718|SH1481848.10FU	Fungi;Glomeromycota;Glomeromycetes;Glomerales;Glomeraceae;Funneliformis;Funneliformis_pilosus	Fungi	Glomeromycota	Glomeromycetes	Glomerales	Glomeraceae	Funneliformis	Funneliformis pilosus		0.0	0.0	0.0	0.0	0.0	0.0	0.0	0.0	0.0	0.0	0.0	0.0	0.0	0.0	0.2511	0.0	0.0	0.0
AF005712|SH1494681.10FU	Fungi;Ascomycota;Saccharomycetes;Saccharomycetales;Saccharomycetaceae;Saccharomyces;Saccharomyces_pastorianus	Fungi	Ascomycota	Saccharomycetes	Saccharomycetales	Saccharomycetaceae	Saccharomyces	Saccharomyces pastorianus		0.0	0.0	0.0	0.0	0.0	0.0	0.0	0.0	0.0	0.0	0.0	0.0	0.0	0.0	0.0	2.7405	0.0	0.0
AY046152|SH1494803.10FU	Fungi;Ascomycota;Saccharomycetes;Saccharomycetales;Saccharomycetaceae;Saccharomyces;Saccharomyces_bayanus	Fungi	Ascomycota	Saccharomycetes	Saccharomycetales	Saccharomycetaceae	Saccharomyces	Saccharomyces bayanus		1.0	2.2479	3.001	3.0601	10.4804	2.0	10.5185	1.8177	4.0558	4.876	6.0854	6.9705	1733.0849	1204.5564	689.359	8592.738	4568.0513	6772.2151
KY104205|SH1499663.10FU	Fungi;Ascomycota;Saccharomycetes;Saccharomycetales;Metschnikowiaceae;Metschnikowia;Metschnikowia_pulcherrima	Fungi	Ascomycota	Saccharomycetes	Saccharomycetales	Metschnikowiaceae	Metschnikowia	Metschnikowia pulcherrima		713.4471	539.7954	1243.0163	1.5464	0.0	1.0	406.9524	288.5527	228.5838	0.0	1.997	0.9744	2567.6243	2236.8266	914.5707	3.0195	3.4192	7.7957
AF444505|SH1697987.10FU	Fungi;Basidiomycota;Microbotryomycetes;Sporidiobolales;Sporidiobolaceae;Rhodotorula;Rhodotorula_graminis	Fungi	Basidiomycota	Microbotryomycetes	Sporidiobolales	Sporidiobolaceae	Rhodotorula	Rhodotorula graminis		111.7007	93.8581	160.9043	1.0	0.0	0.0	0.0	0.0	0.0	0.0	0.0	0.0	0.0	0.0	0.0	1.8949	0.0	0.0
AF444501|SH1697992.10FU	Fungi;Basidiomycota;Microbotryomycetes;Sporidiobolales;Sporidiobolaceae;Rhodotorula;Rhodotorula_dairenensis	Fungi	Basidiomycota	Microbotryomycetes	Sporidiobolales	Sporidiobolaceae	Rhodotorula	Rhodotorula dairenensis		0.0	0.8978	0.2532	0.0	0.0	0.0	0.0	0.0	0.0	1.0419	1.0388	1.0507	0.0	0.0	0.0	0.0	0.0	0.0
EF652042|SH1698877.10FU	Fungi;Ascomycota;Eurotiomycetes;Eurotiales;Aspergillaceae;Aspergillus;Aspergillus_restrictus	Fungi	Ascomycota	Eurotiomycetes	Eurotiales	Aspergillaceae	Aspergillus	Aspergillus restrictus		0.0	0.0	0.0	0.1136	0.0	0.0	0.0	0.0	0.0	0.0	0.0	0.0	0.0	0.0	0.0	0.0	0.0	0.0
EF592109|SH1755494.10FU	Fungi;Basidiomycota;Microbotryomycetes;Sporidiobolales;Sporidiobolaceae;Sporobolomyces;Sporobolomyces_johnsonii	Fungi	Basidiomycota	Microbotryomycetes	Sporidiobolales	Sporidiobolaceae	Sporobolomyces	Sporobolomyces johnsonii		0.0	0.0	0.0	0.0	0.0	0.0	0.0	0.0	0.0	0.0	1.0	0.0	0.0	0.0	0.0	0.0	0.0	0.0
MZ351727|SH1785428.10FU	Fungi;Basidiomycota;Agaricomycetes;Agaricales;Porotheleaceae;Chrysomycena;Chrysomycena_dunicola	Fungi	Basidiomycota	Agaricomycetes	Agaricales	Porotheleaceae	Chrysomycena	Chrysomycena dunicola		0.0	0.0	0.0146	0.0	0.0	0.0	0.0	0.0	0.0	0.0	0.0	0.0	0.0	0.0	0.0	0.0	0.0	0.0
KF000452|SH1792012.10FU	Fungi;Basidiomycota;Agaricomycetes;Sebacinales;Sebacinaceae;Sebacina;Sebacina_cystidiata	Fungi	Basidiomycota	Agaricomycetes	Sebacinales	Sebacinaceae	Sebacina	Sebacina cystidiata		0.0	0.0	0.0	0.0	0.0	0.0	0.0	0.0	0.0	0.0	1.0	0.0	0.0	0.0	0.0	0.0	0.0	0.0
EF661400|SH1804371.10FU	Fungi;Ascomycota;Eurotiomycetes;Eurotiales;Aspergillaceae;Aspergillus;Aspergillus_sclerotiorum	Fungi	Ascomycota	Eurotiomycetes	Eurotiales	Aspergillaceae	Aspergillus	Aspergillus sclerotiorum		0.0	0.0	0.0	0.0	0.0	0.0	0.0	0.0	0.0	0.0	0.0	0.0	0.0	0.0126	0.0	0.0	0.0	0.0
OK057148|SH1829927.10FU	Fungi;Basidiomycota;Agaricomycetes;Agaricales;Inocybaceae;Inocybe;Inocybe_somae	Fungi	Basidiomycota	Agaricomycetes	Agaricales	Inocybaceae	Inocybe	Inocybe somae		0.0	0.0	0.0781	0.0	0.0	0.0	0.0	0.0	0.0	0.0	0.0	0.0	0.0	0.0	0.0	0.0	0.0	0.0
LT993568|SH1872882.10FU	Fungi;Ascomycota;Sordariomycetes;Sordariales;Chaetomiaceae;Humicola;Humicola_ampulliella	Fungi	Ascomycota	Sordariomycetes	Sordariales	Chaetomiaceae	Humicola	Humicola ampulliella		0.935	0.0	0.0	0.0	0.0	0.0	0.0	0.0	0.0	0.0	0.0	0.0	0.0	0.0	0.0	0.0	0.0	0.0
AJ512441|SH1874203.10FU	Fungi;Ascomycota;Saccharomycetes;Saccharomycetales;Saccharomycodaceae;Hanseniaspora;Hanseniaspora_clermontiae	Fungi	Ascomycota	Saccharomycetes	Saccharomycetales	Saccharomycodaceae	Hanseniaspora	Hanseniaspora clermontiae		0.0	0.0	0.0	0.0	0.0	0.0	0.0	1.103	0.1956	0.0	0.0	0.0	0.0	0.0	0.9662	0.1163	0.0	0.0
JN572906|SH1934689.10FU	Fungi;Basidiomycota;Agaricomycetes;Agaricales;Lycoperdaceae;Lycoperdon;Lycoperdon_subumbrinum	Fungi	Basidiomycota	Agaricomycetes	Agaricales	Lycoperdaceae	Lycoperdon	Lycoperdon subumbrinum		0.0	0.0	0.0	0.0	0.0	0.0	0.0	0.0	0.0	0.0	0.0	0.0	0.6625	0.0	0.0	0.0	0.0	0.0
MZ831231|SH0202670.10FU	Fungi;Ascomycota;Saccharomycetes;Saccharomycetales;Metschnikowiaceae;Metschnikowia;Metschnikowia_sp	Fungi	Ascomycota	Saccharomycetes	Saccharomycetales	Metschnikowiaceae	Metschnikowia	Metschnikowia sp		0.0	0.0	0.0	0.0	0.0	0.0	0.0	1.0	0.0	0.0	0.0	0.0	0.0	1.0	0.0	0.0	0.0	0.0
KY852444|SH0205182.10FU	Fungi;Ascomycota;Saccharomycetes;Saccharomycetales;Pichiaceae;Dekkera;Dekkera_custersiana	Fungi	Ascomycota	Saccharomycetes	Saccharomycetales	Pichiaceae	Dekkera	Dekkera custersiana		0.0	0.0	1.0951	0.0	0.0	0.0	0.0	0.0	0.0	0.0	0.0	0.0	1.0005	0.0	0.0	0.0	0.0	0.0
HE820824|SH0206172.10FU	Fungi;Basidiomycota;Basidiomycota_cls_Incertae_sedis;Basidiomycota_ord_Incertae_sedis;Basidiomycota_fam_Incertae_sedis;Basidiomycota_gen_Incertae_sedis;Basidiomycota_sp	Fungi	Basidiomycota	Basidiomycota cls Incertae sedis	Basidiomycota ord Incertae sedis	Basidiomycota fam Incertae sedis	Basidiomycota gen Incertae sedis	Basidiomycota sp		0.0	0.0	0.0	3.8021	2.7706	0.452	0.0	0.0	0.0	0.0	0.0	0.0	0.0	0.0	0.0	0.0	0.0	0.0
KU535802|SH0212778.10FU	Fungi;Ascomycota;Ascomycota_cls_Incertae_sedis;Ascomycota_ord_Incertae_sedis;Ascomycota_fam_Incertae_sedis;Ascomycota_gen_Incertae_sedis;Ascomycota_sp	Fungi	Ascomycota	Ascomycota cls Incertae sedis	Ascomycota ord Incertae sedis	Ascomycota fam Incertae sedis	Ascomycota gen Incertae sedis	Ascomycota sp		0.0	0.0	0.0	0.0	0.0	0.0	0.0	0.0	0.0	0.0	0.0	0.0	0.0	0.0	0.0	0.0	1.0	0.0
HE820797|SH0214469.10FU	Fungi;Ascomycota;Dothideomycetes;Mycosphaerellales;Mycosphaerellaceae;Mycosphaerellaceae_gen_Incertae_sedis;Mycosphaerellaceae_sp	Fungi	Ascomycota	Dothideomycetes	Mycosphaerellales	Mycosphaerellaceae	Mycosphaerellaceae gen Incertae sedis	Mycosphaerellaceae sp		0.0	0.0	0.0	0.0	1.0422	0.0	0.0	0.0	0.0	0.0	0.0	0.0	0.0	0.0	0.0	0.0	0.0	0.0
KP196597|SH0216637.10FU	Fungi;Ascomycota;Saccharomycetes;Saccharomycetes_ord_Incertae_sedis;Saccharomycetes_fam_Incertae_sedis;Saccharomycetes_gen_Incertae_sedis;Saccharomycetes_sp	Fungi	Ascomycota	Saccharomycetes	Saccharomycetes ord Incertae sedis	Saccharomycetes fam Incertae sedis	Saccharomycetes gen Incertae sedis	Saccharomycetes sp		0.0	0.0	0.0	0.0	0.0	0.0	0.0	0.0	0.0	1.0073	0.0	1.0303	0.0	0.0	0.0	0.0	0.0	0.0
GQ505688|SH1049297.10FU	Fungi;Ascomycota;Sordariomycetes;Hypocreales;Nectriaceae;Fusarium;Fusarium_equiseti	Fungi	Ascomycota	Sordariomycetes	Hypocreales	Nectriaceae	Fusarium	Fusarium equiseti		0.0	0.0	0.0	0.0	0.0	0.0	0.0	0.0	0.0	0.0	0.0	0.0	0.1689	0.0	0.0	0.0	0.0	0.0
EU926252|SH1049896.10FU	Fungi;Ascomycota;Sordariomycetes;Hypocreales;Nectriaceae;Bisifusarium;Bisifusarium_biseptatum	Fungi	Ascomycota	Sordariomycetes	Hypocreales	Nectriaceae	Bisifusarium	Bisifusarium biseptatum		0.0	0.0	0.0	0.0	0.0	0.0	0.0	0.0	0.0	0.0	0.0	0.0	0.3037	0.0	0.0	0.0	0.0	0.0
EU926229|SH1049904.10FU	Fungi;Ascomycota;Sordariomycetes;Hypocreales;Nectriaceae;Bisifusarium;Bisifusarium_delphinoides	Fungi	Ascomycota	Sordariomycetes	Hypocreales	Nectriaceae	Bisifusarium	Bisifusarium delphinoides		0.0	0.0	0.0	0.0	0.0	0.0	0.0	0.0	0.0	0.0	0.0	0.0	0.8054	0.0	0.0	0.0	0.0	0.0
GQ505754|SH1049973.10FU	Fungi;Ascomycota;Sordariomycetes;Hypocreales;Nectriaceae;Fusarium;Fusarium_brevicaudatum	Fungi	Ascomycota	Sordariomycetes	Hypocreales	Nectriaceae	Fusarium	Fusarium brevicaudatum		0.0	0.0	0.0	0.0	1.0015	0.0	0.0	0.0	0.0	0.0	0.0	0.0	0.211	0.0	0.0	0.0	0.0	0.0
KU234101|SH1050911.10FU	Fungi;Ascomycota;Dothideomycetes;Stigmatodiscales;Stigmatodiscaceae;Stigmatodiscus;Stigmatodiscus_tamaricis	Fungi	Ascomycota	Dothideomycetes	Stigmatodiscales	Stigmatodiscaceae	Stigmatodiscus	Stigmatodiscus tamaricis		0.0	0.0	0.0	0.0	0.0	0.0	1.0	0.0	0.0	0.0	0.0	0.0	0.0	0.0	0.0	0.0	0.0	0.0
DQ002495|SH1051353.10FU	Fungi;Ascomycota;Saccharomycetes;Saccharomycetales;Metschnikowiaceae;Metschnikowia;Metschnikowia_noctiluminum	Fungi	Ascomycota	Saccharomycetes	Saccharomycetales	Metschnikowiaceae	Metschnikowia	Metschnikowia noctiluminum		0.0	0.0	0.0	0.0	0.0	0.0	0.0	0.0	0.0	0.0	0.0	0.0	0.0	2.0124	0.0	0.0	0.0	0.0
UDB0780948|SH1052427.10FU	Fungi;Ascomycota;Sordariomycetes;Hypocreales;Hypocreaceae;Hypocreaceae_gen_Incertae_sedis;Hypocreaceae_sp	Fungi	Ascomycota	Sordariomycetes	Hypocreales	Hypocreaceae	Hypocreaceae gen Incertae sedis	Hypocreaceae sp		0.0	1.7833	0.0	0.0	0.0	0.0	0.0	0.0	0.0	0.0	0.0	0.0	0.0	0.0	0.0	0.0	0.0	0.0
MK050431|SH1053414.10FU	Fungi;Basidiomycota;Microbotryomycetes;Microbotryomycetes_ord_Incertae_sedis;Chrysozymaceae;Chrysozyma;Chrysozyma_sambuci	Fungi	Basidiomycota	Microbotryomycetes	Microbotryomycetes ord Incertae sedis	Chrysozymaceae	Chrysozyma	Chrysozyma sambuci		2583.4687	2187.1847	4376.821	17.0499	18.4813	5.4095	1.2426	3.0019	6.1798	6360.159	3613.1566	4440.9524	7.025	2.0018	4.2859	12.1497	20.0941	14.507
KY102034|SH1054194.10FU	Fungi;Ascomycota;Saccharomycetes;Saccharomycetales;Debaryomycetaceae;Yamadazyma;Yamadazyma_sp	Fungi	Ascomycota	Saccharomycetes	Saccharomycetales	Debaryomycetaceae	Yamadazyma	Yamadazyma sp		0.0	0.0	0.0	1.0	0.0	0.0	0.0	0.0	0.0	0.0	0.0	0.0	0.0	0.0	0.0	0.0	0.0	0.0
KY102361|SH1054219.10FU	Fungi;Ascomycota;Saccharomycetes;Saccharomycetales;Saccharomycetales_fam_Incertae_sedis;Hyphopichia;Hyphopichia_rhagii	Fungi	Ascomycota	Saccharomycetes	Saccharomycetales	Saccharomycetales fam Incertae sedis	Hyphopichia	Hyphopichia rhagii		5.8057	1.7416	8.5164	0.0	0.0	0.0	0.5027	2.4709	2.3961	0.0913	0.0	0.0	4.9855	0.4718	0.8578	0.3177	0.0	0.0
DQ885906|SH1064722.10FU	Fungi;Ascomycota;Dothideomycetes;Venturiales;Sympoventuriaceae;Sympoventuria;Sympoventuria_capensis	Fungi	Ascomycota	Dothideomycetes	Venturiales	Sympoventuriaceae	Sympoventuria	Sympoventuria capensis		0.0	0.0	0.0	1.0932	2.82	1.089	0.0	0.0	0.0	0.0	0.0	0.0	0.0	0.0	0.0	0.0	0.0	0.0
HE962445|SH1076728.10FU	Fungi;Glomeromycota;Glomeromycetes;Gigasporales;Dentiscutataceae;Dentiscutata;Dentiscutata_savannicola	Fungi	Glomeromycota	Glomeromycetes	Gigasporales	Dentiscutataceae	Dentiscutata	Dentiscutata savannicola		0.0	0.0	0.0	2.0024	1.0001	0.0	0.0	0.0	0.0	0.0	0.0	0.0	0.0	0.0	0.0	0.0	0.0	0.0
MN796484|SH1085816.10FU	Fungi;Ascomycota;Saccharomycetes;Saccharomycetales;Saccharomycetaceae;Saccharomyces;Saccharomyces_cerevisiae	Fungi	Ascomycota	Saccharomycetes	Saccharomycetales	Saccharomycetaceae	Saccharomyces	Saccharomyces cerevisiae		0.0	0.0	0.0	0.0	0.0	0.0	1.7937	0.0	0.0	1.9109	0.0	1.695	0.0	0.0	1.0	4.1015	4.9796	1.0169
KJ706829|SH1085852.10FU	Fungi;Ascomycota;Saccharomycetes;Saccharomycetales;Saccharomycetaceae;Saccharomyces;Saccharomyces_bayanus	Fungi	Ascomycota	Saccharomycetes	Saccharomycetales	Saccharomycetaceae	Saccharomyces	Saccharomyces bayanus		0.0	0.0	0.0	0.0	0.0	0.0	0.0	0.0	0.0	0.0	0.0	0.0	0.0	0.0	0.0	1.0005	0.0	2.0114
MN796509|SH1085887.10FU	Fungi;Ascomycota;Saccharomycetes;Saccharomycetales;Saccharomycetaceae;Saccharomyces;Saccharomyces_cerevisiae	Fungi	Ascomycota	Saccharomycetes	Saccharomycetales	Saccharomycetaceae	Saccharomyces	Saccharomyces cerevisiae		0.0	0.0	0.0	0.0	0.0	0.0	9.6479	5.61	6.4194	2.0093	11.0869	4.7006	1.0078	0.0	0.0	2.3968	6.3173	9.148
AB018043|SH1085902.10FU	Fungi;Ascomycota;Saccharomycetes;Saccharomycetales;Saccharomycetaceae;Saccharomyces;Saccharomyces_cerevisiae	Fungi	Ascomycota	Saccharomycetes	Saccharomycetales	Saccharomycetaceae	Saccharomyces	Saccharomyces cerevisiae		1.0	6.7437	10.999	8.9393	12.5196	6.0	6388.8899	4719.8137	3442.3301	2770.999	3216.4863	4627.7237	2.4376	5.0381	3.0027	10178.3861	5085.301	7791.6152
KJ707145|SH1085917.10FU	Fungi;Ascomycota;Saccharomycetes;Saccharomycetales;Saccharomycetaceae;Saccharomyces;Saccharomyces_bayanus	Fungi	Ascomycota	Saccharomycetes	Saccharomycetales	Saccharomycetaceae	Saccharomyces	Saccharomyces bayanus		0.0	0.0	0.0	0.0	0.0	0.0	0.0	0.0	0.0	0.0	0.0	0.0	0.0	0.5973	0.0	4.005	1.0055	0.8808
KJ707144|SH1085919.10FU	Fungi;Ascomycota;Saccharomycetes;Saccharomycetales;Saccharomycetaceae;Saccharomyces;Saccharomyces_cerevisiae	Fungi	Ascomycota	Saccharomycetes	Saccharomycetales	Saccharomycetaceae	Saccharomyces	Saccharomyces cerevisiae		0.0	0.0	0.0	0.0	0.0	0.0	0.0	0.9653	0.0	0.0	0.0	0.0	0.0	0.0	0.0	0.0	0.0	2.0001
MH307931|SH1085949.10FU	Fungi;Ascomycota;Saccharomycetes;Saccharomycetales;Saccharomycetaceae;Saccharomyces;Saccharomyces_cerevisiae	Fungi	Ascomycota	Saccharomycetes	Saccharomycetales	Saccharomycetaceae	Saccharomyces	Saccharomyces cerevisiae		0.0	0.0	0.0	0.0	0.0	0.0	2.1865	0.0	0.0	0.0	0.0	0.0	0.0	0.0	0.0	2.002	0.0	0.0
HM241692|SH1087273.10FU	Fungi;Ascomycota;Sordariomycetes;Chaetosphaeriales;Chaetosphaeriaceae;Pyrigemmula;Pyrigemmula_aurantiaca	Fungi	Ascomycota	Sordariomycetes	Chaetosphaeriales	Chaetosphaeriaceae	Pyrigemmula	Pyrigemmula aurantiaca		2.5683	0.0	0.0768	0.0	0.0	0.0	0.0	1.2532	0.0	0.0	0.0	0.0	0.0	0.0	0.0	0.0	0.0	0.0
KP326583|SH1089095.10FU	Fungi;Ascomycota;Saccharomycetes;Saccharomycetales;Saccharomycetales_fam_Incertae_sedis;Candida;Candida_auris	Fungi	Ascomycota	Saccharomycetes	Saccharomycetales	Saccharomycetales fam Incertae sedis	Candida	Candida auris		1.3714	2.1006	8.8997	0.0	0.0	0.0	1.2826	2.0	0.9987	0.0	0.0	0.0	0.0	0.0	0.0	0.0	0.0	0.0
KY104193|SH1089499.10FU	Fungi;Ascomycota;Saccharomycetes;Saccharomycetales;Metschnikowiaceae;Metschnikowia;Metschnikowia_bicuspidata	Fungi	Ascomycota	Saccharomycetes	Saccharomycetales	Metschnikowiaceae	Metschnikowia	Metschnikowia bicuspidata		0.0	0.0	0.0	0.0	0.0	0.0	0.0	0.0	0.0	0.0	0.0	0.0	0.0	0.0	0.7087	0.0	0.0	0.0
MF538700|SH1089509.10FU	Fungi;Ascomycota;Saccharomycetes;Saccharomycetales;Metschnikowiaceae;Metschnikowia;Metschnikowia_citriensis	Fungi	Ascomycota	Saccharomycetes	Saccharomycetales	Metschnikowiaceae	Metschnikowia	Metschnikowia citriensis		0.0	0.0	0.0	0.0	0.0	0.0	0.0	0.0	0.3341	0.0	0.0	0.0	0.0	0.0	0.0	0.0	0.0111	0.0
KT029790|SH1089510.10FU	Fungi;Ascomycota;Saccharomycetes;Saccharomycetales;Metschnikowiaceae;Metschnikowia;Metschnikowia_pulcherrima	Fungi	Ascomycota	Saccharomycetes	Saccharomycetales	Metschnikowiaceae	Metschnikowia	Metschnikowia pulcherrima		0.0	0.0	1.1622	0.0	0.0	0.0	0.0	0.0	0.0	0.0	0.0	0.0	0.0	0.0	0.0	0.0	0.0	0.0
OP295005|SH1089519.10FU	Fungi;Ascomycota;Saccharomycetes;Saccharomycetales;Metschnikowiaceae;Metschnikowia;Metschnikowia_bicuspidata	Fungi	Ascomycota	Saccharomycetes	Saccharomycetales	Metschnikowiaceae	Metschnikowia	Metschnikowia bicuspidata		0.0	0.0	0.0	0.0	0.0	0.0	0.0	0.0	0.0	0.0	0.0	0.0	0.0	0.0	0.8335	0.0	0.0	0.0
OK052424|SH1089530.10FU	Fungi;Ascomycota;Saccharomycetes;Saccharomycetales;Metschnikowiaceae;Metschnikowia;Metschnikowia_sp	Fungi	Ascomycota	Saccharomycetes	Saccharomycetales	Metschnikowiaceae	Metschnikowia	Metschnikowia sp		0.0	0.8372	0.0	0.0	0.0	0.0	0.0	0.0	0.0	0.0	0.0	0.0	0.0	0.0	0.0	0.0	0.0	0.0
MN556603|SH1089533.10FU	Fungi;Ascomycota;Saccharomycetes;Saccharomycetales;Metschnikowiaceae;Metschnikowia;Metschnikowia_sp	Fungi	Ascomycota	Saccharomycetes	Saccharomycetales	Metschnikowiaceae	Metschnikowia	Metschnikowia sp		0.1088	0.0	0.0	0.0	0.0	0.0	1.084	0.0	0.0	0.0	0.0	0.0	9.0804	0.0	3.1408	0.0	0.0	0.0
MG050886|SH1089536.10FU	Fungi;Ascomycota;Saccharomycetes;Saccharomycetales;Metschnikowiaceae;Metschnikowia;Metschnikowia_leonuri	Fungi	Ascomycota	Saccharomycetes	Saccharomycetales	Metschnikowiaceae	Metschnikowia	Metschnikowia leonuri		0.0	0.0	0.0	0.0	0.0	0.0	0.0	0.0	1.1737	0.0	0.0	0.0	0.0	1.6814	0.0	0.0	0.0	0.0
KY102334|SH1089541.10FU	Fungi;Ascomycota;Saccharomycetes;Saccharomycetales;Metschnikowiaceae;Metschnikowia;Metschnikowia_pimensis	Fungi	Ascomycota	Saccharomycetes	Saccharomycetales	Metschnikowiaceae	Metschnikowia	Metschnikowia pimensis		0.0	0.0	0.0	0.0	0.0	0.0	0.0	0.0	0.0	0.0	0.0	0.0	2.0047	0.0	0.0	0.0	0.0	0.0
KM209325|SH1089542.10FU	Fungi;Ascomycota;Saccharomycetes;Saccharomycetales;Metschnikowiaceae;Metschnikowia;Metschnikowia_pulcherrima	Fungi	Ascomycota	Saccharomycetes	Saccharomycetales	Metschnikowiaceae	Metschnikowia	Metschnikowia pulcherrima		1734.501	1454.342	3138.7249	0.0	6.5457	0.0	950.6712	688.5379	482.7315	3.0176	4.0048	2.1835	6410.5446	5144.6275	2507.4923	16.3644	7.1337	5.93
MG050888|SH1089547.10FU	Fungi;Ascomycota;Saccharomycetes;Saccharomycetales;Metschnikowiaceae;Metschnikowia;Metschnikowia_rubicola	Fungi	Ascomycota	Saccharomycetes	Saccharomycetales	Metschnikowiaceae	Metschnikowia	Metschnikowia rubicola		0.0	0.0	0.0	0.0	0.0	0.0	0.0	0.0	0.0	0.0	0.0	0.0	2.0503	2.6619	0.0	0.0	1.112	0.0
KY104192|SH1089564.10FU	Fungi;Ascomycota;Saccharomycetes;Saccharomycetales;Metschnikowiaceae;Metschnikowia;Metschnikowia_bicuspidata	Fungi	Ascomycota	Saccharomycetes	Saccharomycetales	Metschnikowiaceae	Metschnikowia	Metschnikowia bicuspidata		0.0	0.0	2.0007	0.0	0.0	0.0	0.0	0.0	0.0	0.0	0.0	0.0	0.0	0.0	0.0	0.0	0.0	0.0
AF038334|SH1091413.10FU	Fungi;Ascomycota;Eurotiomycetes;Onygenales;Ajellomycetaceae;Ajellomyces;Ajellomyces_crescens	Fungi	Ascomycota	Eurotiomycetes	Onygenales	Ajellomycetaceae	Ajellomyces	Ajellomyces crescens		1.963	2.2498	8.5154	0.0525	0.0	0.0	0.0	1.6843	2.3633	0.0	0.0	0.0	10.3664	10.3332	0.7239	0.0	0.0	1.0
EF592154|SH1091420.10FU	Fungi;Ascomycota;Eurotiomycetes;Onygenales;Ajellomycetaceae;Blastomyces;Blastomyces_helicus	Fungi	Ascomycota	Eurotiomycetes	Onygenales	Ajellomycetaceae	Blastomyces	Blastomyces helicus		0.5552	0.0481	0.0275	2.5039	0.0	0.0	0.0	0.0	0.0	0.0	0.0	0.0	0.012	0.0115	0.0	0.0	0.0	0.0
AF033422|SH1095328.10FU	Fungi;Ascomycota;Eurotiomycetes;Eurotiales;Aspergillaceae;Penicillium;Penicillium_citrinum	Fungi	Ascomycota	Eurotiomycetes	Eurotiales	Aspergillaceae	Penicillium	Penicillium citrinum		0.0	0.0	0.0	0.0	0.0	0.0	0.0	0.0	1.0106	0.0	0.0	0.0	0.0	0.0	0.0	0.0	0.0	0.0
HM451818|SH1132926.10FU	Fungi;Basidiomycota;Agaricomycetes;Sebacinales;Sebacinales_fam_Incertae_sedis;Sebacinales_gen_Incertae_sedis;Sebacinales_sp	Fungi	Basidiomycota	Agaricomycetes	Sebacinales	Sebacinales fam Incertae sedis	Sebacinales gen Incertae sedis	Sebacinales sp		0.0	0.0	0.0306	0.0	0.0	0.0	0.0	0.0	1.5195	0.0	0.0	0.0	0.0	0.0	0.0	0.0	0.0	0.0
EU625953|SH1132929.10FU	Fungi;Basidiomycota;Agaricomycetes;Sebacinales;Serendipitaceae;Serendipitaceae_gen_Incertae_sedis;Serendipitaceae_sp	Fungi	Basidiomycota	Agaricomycetes	Sebacinales	Serendipitaceae	Serendipitaceae gen Incertae sedis	Serendipitaceae sp		1.0193	2.6287	8.4762	0.0	0.0	0.0	1.695	2.0172	2.2915	0.0	0.0	0.0	0.0	0.0	0.0	0.0	0.0	0.0
KY350566|SH1166440.10FU	Fungi;Ascomycota;Lecanoromycetes;Peltigerales;Pannariaceae;Psoroma;Psoroma_antarcticum	Fungi	Ascomycota	Lecanoromycetes	Peltigerales	Pannariaceae	Psoroma	Psoroma antarcticum		0.0	0.0	0.0	0.0	0.0	0.0	0.2444	0.0	0.0	0.0	0.0	0.0	1.5551	1.2239	0.0	0.0	0.0	0.0
KX384172|SH1173840.10FU	Fungi;Basidiomycota;Agaricomycetes;Agaricales;Inocybaceae;Inocybe;Inocybe_baltica	Fungi	Basidiomycota	Agaricomycetes	Agaricales	Inocybaceae	Inocybe	Inocybe baltica		0.0	0.0	0.0	0.0	0.0	0.0	0.0	0.0	0.0	0.0	0.0	0.0	0.0	0.0	0.2495	0.0	0.0	0.3065
DQ097847|SH1174598.10FU	Fungi;Ascomycota;Sordariomycetes;Ophiostomatales;Ophiostomataceae;Grosmannia;Grosmannia_fruticetum	Fungi	Ascomycota	Sordariomycetes	Ophiostomatales	Ophiostomataceae	Grosmannia	Grosmannia fruticetum		0.0	0.0	0.0	0.0	0.0	0.0	0.0	0.0	0.0	0.0	0.0	0.0	0.7582	0.0	0.0	0.0	0.0	0.0
MW845873|SH1177969.10FU	Fungi;Basidiomycota;Agaricomycetes;Agaricales;Inocybaceae;Inocybe;Inocybe_dryadiana	Fungi	Basidiomycota	Agaricomycetes	Agaricales	Inocybaceae	Inocybe	Inocybe dryadiana		0.0	0.0	0.0953	0.0	0.0	0.0	0.0	0.0	0.0	0.0	0.0	0.0	0.0	0.0	0.2495	0.0	0.0	0.0
MH392558|SH1187340.10FU	Fungi;Basidiomycota;Agaricomycetes;Hymenochaetales;Hymenochaetaceae;Fuscoporia;Fuscoporia_sp	Fungi	Basidiomycota	Agaricomycetes	Hymenochaetales	Hymenochaetaceae	Fuscoporia	Fuscoporia sp		0.0	0.0	0.0	0.0	0.0	0.0	0.0	0.0	0.0	0.0	0.0	0.0	0.0	1.7959	0.0	0.0	0.0	0.0
AJ969625|SH1190955.10FU	Fungi;Ascomycota;Pezizomycetes;Pezizales;Tuberaceae;Tuber;Tuber_puberulum	Fungi	Ascomycota	Pezizomycetes	Pezizales	Tuberaceae	Tuber	Tuber puberulum		0.0	0.0	0.0	2.4962	0.579	2.4447	0.0	1.7944	0.0	0.0	0.0	0.0	0.0	3.0242	2.0065	0.0	0.0	0.0
OL309930|SH1194108.10FU	Fungi;Ascomycota;Sordariomycetes;Ophiostomatales;Ophiostomataceae;Ceratocystiopsis;Ceratocystiopsis_chalcographi	Fungi	Ascomycota	Sordariomycetes	Ophiostomatales	Ophiostomataceae	Ceratocystiopsis	Ceratocystiopsis chalcographi		0.0	0.4784	0.1706	0.0	0.0	0.0	0.0	0.0	0.0	0.0	0.0	0.0	0.0	0.9096	0.0	0.0	0.9997	0.0
MN900984|SH1194136.10FU	Fungi;Ascomycota;Sordariomycetes;Ophiostomatales;Ophiostomataceae;Ceratocystiopsis;Ceratocystiopsis_synnemata	Fungi	Ascomycota	Sordariomycetes	Ophiostomatales	Ophiostomataceae	Ceratocystiopsis	Ceratocystiopsis synnemata		0.0	0.0	0.0	0.0	0.0	0.0	0.0	0.0	0.0	0.0	0.0	0.0	0.0	1.1726	0.0	0.0	0.0	0.0
KM519195|SH1201843.10FU	Fungi;Basidiomycota;Atractiellomycetes;Atractiellales;Phleogenaceae;Atractidochium;Atractidochium_hillariae	Fungi	Basidiomycota	Atractiellomycetes	Atractiellales	Phleogenaceae	Atractidochium	Atractidochium hillariae		0.0	0.0	0.0	0.0	0.0	0.0	0.0	0.0	0.0	0.0	0.0	0.0	0.0	1.0001	0.0	0.0	0.0	0.0
KT949912|SH1209219.10FU	Fungi;Ascomycota;Sordariomycetes;Xylariales;Requienellaceae;Requienella;Requienella_seminuda	Fungi	Ascomycota	Sordariomycetes	Xylariales	Requienellaceae	Requienella	Requienella seminuda		1.8815	0.0	0.0	0.0	0.0	0.0	0.0	0.0	0.0	0.0	0.0	0.0	0.0	0.0	2.036	0.0	0.0	0.0
HQ623539|SH1214530.10FU	Fungi;Ascomycota;Saccharomycetes;Saccharomycetales;Saccharomycetales_fam_Incertae_sedis;Candida;Candida_sp	Fungi	Ascomycota	Saccharomycetes	Saccharomycetales	Saccharomycetales fam Incertae sedis	Candida	Candida sp		0.5	0.0	0.0	0.0	0.0	0.0	0.0	0.0	0.0	0.0	0.0	0.0	0.0	0.0	0.0	0.0	0.0	0.0
HQ623533|SH1214532.10FU	Fungi;Ascomycota;Saccharomycetes;Saccharomycetales;Saccharomycetales_fam_Incertae_sedis;Candida;Candida_sp	Fungi	Ascomycota	Saccharomycetes	Saccharomycetales	Saccharomycetales fam Incertae sedis	Candida	Candida sp		0.5	0.0	0.0	0.0	0.0	0.0	0.0	0.0	0.0	0.0	0.0	0.0	0.0	0.0	0.0	0.0	0.0	0.0
MF767833|SH1215214.10FU	Fungi;Ascomycota;Saccharomycetes;Saccharomycetales;Saccharomycetaceae;Nakaseomyces;Nakaseomyces_glabratus	Fungi	Ascomycota	Saccharomycetes	Saccharomycetales	Saccharomycetaceae	Nakaseomyces	Nakaseomyces glabratus		0.0	2.8981	3.8042	0.0	0.0	0.0	69.0668	39.485	53.7668	26.5487	2.8277	26.9093	28.9239	25.635	7.6789	70.3768	15.646	44.1197
AF050252|SH1223080.10FU	Fungi;Ascomycota;Eurotiomycetes;Chaetothyriales;Herpotrichiellaceae;Capronia;Capronia_parasitica	Fungi	Ascomycota	Eurotiomycetes	Chaetothyriales	Herpotrichiellaceae	Capronia	Capronia parasitica		0.0	0.0	0.0	0.0161	0.0	0.0	0.0	0.0	0.0	0.0	0.0	0.0	0.0	0.0	0.0	0.0	0.0	0.0
AY742702|SH1223757.10FU	Fungi;Ascomycota;Eurotiomycetes;Eurotiales;Aspergillaceae;Penicillium;Penicillium_coffeae	Fungi	Ascomycota	Eurotiomycetes	Eurotiales	Aspergillaceae	Penicillium	Penicillium coffeae		0.0	0.0	0.0	0.0	0.0	0.0	0.0	0.0162	0.0	0.0	0.0	0.0	0.0	0.0	0.0	0.0	0.0	0.0
KT949907|SH1224638.10FU	Fungi;Ascomycota;Sordariomycetes;Amphisphaeriales;Pseudomassariaceae;Pseudomassaria;Pseudomassaria_corni	Fungi	Ascomycota	Sordariomycetes	Amphisphaeriales	Pseudomassariaceae	Pseudomassaria	Pseudomassaria corni		0.0	0.0	0.0	1.252	0.0	0.0	0.0	0.0	0.0	0.0	0.0	0.0	0.0	0.0	0.0	0.0	0.0	0.0
AB454271|SH1230400.10FU	Fungi;Ascomycota;Dothideomycetes;Botryosphaeriales;Phyllostictaceae;Phyllosticta;Phyllosticta_cryptomeriae	Fungi	Ascomycota	Dothideomycetes	Botryosphaeriales	Phyllostictaceae	Phyllosticta	Phyllosticta cryptomeriae		0.0	0.0	0.0	0.0	0.0	0.0	0.0	0.0	0.0	0.0	0.0	0.0	1.0568	0.0	0.0	0.0	0.0	0.0
AB454274|SH1230426.10FU	Fungi;Ascomycota;Dothideomycetes;Botryosphaeriales;Phyllostictaceae;Phyllosticta;Phyllosticta_ardisiicola	Fungi	Ascomycota	Dothideomycetes	Botryosphaeriales	Phyllostictaceae	Phyllosticta	Phyllosticta ardisiicola		0.0	0.0	0.0	0.0	0.0	0.0	0.0	0.0	0.0	0.0	0.0	0.0	1.0454	0.0	0.0	0.0	0.0	0.0
HG936985|SH1231650.10FU	Fungi;Basidiomycota;Microbotryomycetes;Microbotryomycetes_ord_Incertae_sedis;Microbotryomycetes_fam_Incertae_sedis;Sampaiozyma;Sampaiozyma_sp	Fungi	Basidiomycota	Microbotryomycetes	Microbotryomycetes ord Incertae sedis	Microbotryomycetes fam Incertae sedis	Sampaiozyma	Sampaiozyma sp		3.184	1.1385	5.7056	0.0	0.0	0.0	0.0	0.0	0.0	0.0	0.0	0.0	0.0	0.0	0.0	0.0	0.0	0.0
AF444541|SH1231669.10FU	Fungi;Basidiomycota;Microbotryomycetes;Sporidiobolales;Sporidiobolaceae;Rhodotorula;Rhodotorula_mucilaginosa	Fungi	Basidiomycota	Microbotryomycetes	Sporidiobolales	Sporidiobolaceae	Rhodotorula	Rhodotorula mucilaginosa		184.711	135.6864	301.646	0.9177	1.3502	1.0	1.9203	0.0	1.0041	668.0498	400.4112	421.167	1.0013	1.0	0.0	0.0	3.0	8.5755
UDB06551919|SH1231678.10FU	Fungi;Basidiomycota;Microbotryomycetes;Sporidiobolales;Sporidiobolaceae;Rhodotorula;Rhodotorula_sp	Fungi	Basidiomycota	Microbotryomycetes	Sporidiobolales	Sporidiobolaceae	Rhodotorula	Rhodotorula sp		0.0	1.7708	2.6669	0.0	0.0	0.0	0.0	0.0	0.0	0.0	0.0	0.0	0.0	0.0	0.0	0.0	0.0	0.0
JN246548|SH1231691.10FU	Fungi;Basidiomycota;Microbotryomycetes;Sporidiobolales;Sporidiobolaceae;Rhodotorula;Rhodotorula_sp	Fungi	Basidiomycota	Microbotryomycetes	Sporidiobolales	Sporidiobolaceae	Rhodotorula	Rhodotorula sp		0.0	0.0	1.0	0.0	0.0	0.0	0.0	0.0	0.0	0.0	0.0	0.0	0.0	0.0	0.0	0.0	0.0	0.0
UDB06551920|SH1231705.10FU	Fungi;Basidiomycota;Microbotryomycetes;Sporidiobolales;Sporidiobolaceae;Rhodotorula;Rhodotorula_sp	Fungi	Basidiomycota	Microbotryomycetes	Sporidiobolales	Sporidiobolaceae	Rhodotorula	Rhodotorula sp		0.0	0.1479	1.1995	0.0	0.0	0.0	0.0	0.0	0.0	0.0	0.0	0.0	0.0	0.0	0.0	0.0	0.0	0.0
KX515572|SH1231723.10FU	Fungi;Basidiomycota;Microbotryomycetes;Sporidiobolales;Sporidiobolaceae;Rhodotorula;Rhodotorula_sp	Fungi	Basidiomycota	Microbotryomycetes	Sporidiobolales	Sporidiobolaceae	Rhodotorula	Rhodotorula sp		0.0	0.0	0.0	0.0	0.0	0.0	0.0797	0.0	0.0	0.0	0.0	0.0	0.0	0.0	0.0	0.0	0.0	0.0
KJ707112|SH1231725.10FU	Fungi;Basidiomycota;Microbotryomycetes;Sporidiobolales;Sporidiobolaceae;Rhodotorula;Rhodotorula_diobovata	Fungi	Basidiomycota	Microbotryomycetes	Sporidiobolales	Sporidiobolaceae	Rhodotorula	Rhodotorula diobovata		1.0514	0.0	0.0	0.0	0.0	0.0	0.0	0.0	0.0	0.0	1.0214	0.0	0.0	0.0	0.0	0.0	0.0	0.0
GU646862|SH1231733.10FU	Fungi;Basidiomycota;Microbotryomycetes;Sporidiobolales;Sporidiobolaceae;Rhodotorula;Rhodotorula_taiwanensis	Fungi	Basidiomycota	Microbotryomycetes	Sporidiobolales	Sporidiobolaceae	Rhodotorula	Rhodotorula taiwanensis		0.0	0.0	0.0	0.0	0.0	0.0	0.0	0.0	0.0	0.0115	0.0	0.0	0.0	0.0	0.0	0.0	0.0	0.0
OM181942|SH1231785.10FU	Fungi;Basidiomycota;Microbotryomycetes;Sporidiobolales;Sporidiobolaceae;Rhodotorula;Rhodotorula_diobovata	Fungi	Basidiomycota	Microbotryomycetes	Sporidiobolales	Sporidiobolaceae	Rhodotorula	Rhodotorula diobovata		0.0	0.0	0.0	0.0	0.0	0.0	0.0	0.0	0.0	3.2497	1.0393	1.0332	0.0	0.0	0.0	0.0	0.0	0.0
AB026006|SH1231794.10FU	Fungi;Basidiomycota;Microbotryomycetes;Sporidiobolales;Sporidiobolaceae;Rhodotorula;Rhodotorula_pacifica	Fungi	Basidiomycota	Microbotryomycetes	Sporidiobolales	Sporidiobolaceae	Rhodotorula	Rhodotorula pacifica		0.0	0.066	4.0798	0.0	0.0	0.0	0.0	0.0	0.0	1.9438	2.0954	0.0	0.0	0.0	0.0	0.0	0.0	0.0
AF444502|SH1231814.10FU	Fungi;Basidiomycota;Microbotryomycetes;Sporidiobolales;Sporidiobolaceae;Rhodotorula;Rhodotorula_diobovata	Fungi	Basidiomycota	Microbotryomycetes	Sporidiobolales	Sporidiobolaceae	Rhodotorula	Rhodotorula diobovata		123.0954	85.9686	204.9055	0.0	0.7449	0.0	0.0	1.0002	0.8035	583.2489	312.7758	345.564	2.0	2.0	1.0	2.0022	6.9827	1.0
EF568069|SH1232229.10FU	Fungi;Ascomycota;Saccharomycetes;Saccharomycetales;Debaryomycetaceae;Yamadazyma;Yamadazyma_mexicana	Fungi	Ascomycota	Saccharomycetes	Saccharomycetales	Debaryomycetaceae	Yamadazyma	Yamadazyma mexicana		0.0	0.0	0.0	111.5563	28.4334	38.9278	1.0	1.0	0.0	0.0	0.0	0.0	0.0	0.0	0.0	0.0	0.0	0.0
EF652066|SH1232286.10FU	Fungi;Ascomycota;Eurotiomycetes;Eurotiales;Aspergillaceae;Aspergillus;Aspergillus_ruber	Fungi	Ascomycota	Eurotiomycetes	Eurotiales	Aspergillaceae	Aspergillus	Aspergillus ruber		4.2318	6.223	6.0876	0.0	0.0	0.0	1.3398	3.0528	0.0	0.0	0.0	0.0	0.0	0.0	0.0	0.0	0.0	0.0
KY189977|SH1233121.10FU	Fungi;Ascomycota;Dothideomycetes;Pleosporales;Cucurbitariaceae;Cucurbitaria;Cucurbitaria_piceae	Fungi	Ascomycota	Dothideomycetes	Pleosporales	Cucurbitariaceae	Cucurbitaria	Cucurbitaria piceae		1.0158	0.0	1.2811	0.0	0.0	0.0	0.0	0.0	0.0	0.0	0.0	0.0	0.8846	0.0	0.0	0.0	0.0	0.0
EU517056|SH1234238.10FU	Fungi;Basidiomycota;Tremellomycetes;Tremellales;Bulleribasidiaceae;Derxomyces;Derxomyces_hainanensis	Fungi	Basidiomycota	Tremellomycetes	Tremellales	Bulleribasidiaceae	Derxomyces	Derxomyces hainanensis		0.0	0.7104	1.0367	0.0	0.0	0.0	0.0	0.0	0.0	0.7125	0.0	0.0	0.0	0.0	0.0	0.0	0.0	0.0
MN900990|SH1234559.10FU	Fungi;Ascomycota;Sordariomycetes;Ophiostomatales;Ophiostomataceae;Leptographium;Leptographium_alni	Fungi	Ascomycota	Sordariomycetes	Ophiostomatales	Ophiostomataceae	Leptographium	Leptographium alni		0.0	2.0006	3.0874	0.0	0.0	0.0	3.7678	1.8783	1.5865	0.0	0.0	0.0	0.0945	0.0	0.0	0.0	0.0	0.0
ON117632|SH1235064.10FU	Fungi;Ascomycota;Eurotiomycetes;Verrucariales;Verrucariaceae;Clavascidium;Clavascidium_sp	Fungi	Ascomycota	Eurotiomycetes	Verrucariales	Verrucariaceae	Clavascidium	Clavascidium sp		0.0	1.0025	0.0	0.0	0.0	0.0	0.0	0.0	0.0	0.0	0.0	0.0	0.0	0.0	0.0	0.4093	0.0	0.0
KT897480|SH1239629.10FU	Fungi;Ascomycota;Pezizomycetes;Pezizales;Tuberaceae;Tuber;Tuber_pseudoseparans	Fungi	Ascomycota	Pezizomycetes	Pezizales	Tuberaceae	Tuber	Tuber pseudoseparans		0.0	0.0	0.0617	0.0341	0.4741	0.0	0.0	0.0	0.0	0.0	0.0	0.0	0.0	0.0	0.0	0.0	0.0	0.0
AB054019|SH1242698.10FU	Fungi;Ascomycota;Saccharomycetes;Saccharomycetales;Debaryomycetaceae;Debaryomyces;Debaryomyces_robertsiae	Fungi	Ascomycota	Saccharomycetes	Saccharomycetales	Debaryomycetaceae	Debaryomyces	Debaryomyces robertsiae		0.0	0.0	0.0	56.6594	47.4216	50.0827	0.0	0.0	0.0	0.0	0.0	0.0	0.0	1.0	0.0	0.0	0.0	0.0
HQ652068|SH1242736.10FU	Fungi;Ascomycota;Saccharomycetes;Saccharomycetales;Debaryomycetaceae;Debaryomycetaceae_gen_Incertae_sedis;Debaryomycetaceae_sp	Fungi	Ascomycota	Saccharomycetes	Saccharomycetales	Debaryomycetaceae	Debaryomycetaceae gen Incertae sedis	Debaryomycetaceae sp		0.0	0.0	0.0	1.0	0.0	0.0	0.0	0.0	0.0	0.0	0.0	0.0	0.0	0.0	0.0	0.0	0.0	0.0
JN942656|SH1242786.10FU	Fungi;Ascomycota;Saccharomycetes;Saccharomycetales;Debaryomycetaceae;Debaryomyces;Debaryomyces_udenii	Fungi	Ascomycota	Saccharomycetes	Saccharomycetales	Debaryomycetaceae	Debaryomyces	Debaryomyces udenii		0.0	0.0	0.0	2.141	0.1778	4.387	0.0	0.0	0.0	0.0	0.0	0.0	0.0	0.0	0.0	0.0	0.0	0.0
AB365470|SH1242804.10FU	Fungi;Ascomycota;Saccharomycetes;Saccharomycetales;Debaryomycetaceae;Yamadazyma;Yamadazyma_takamatsuzukensis	Fungi	Ascomycota	Saccharomycetes	Saccharomycetales	Debaryomycetaceae	Yamadazyma	Yamadazyma takamatsuzukensis		210.6039	176.7752	370.6075	8546.9008	4076.9659	4984.2234	95.0122	76.6163	35.8414	1020.541	432.7674	640.3388	307.3115	295.3035	142.5232	19.0599	27.3098	27.4825
JN942657|SH1242810.10FU	Fungi;Ascomycota;Saccharomycetes;Saccharomycetales;Debaryomycetaceae;Debaryomyces;Debaryomyces_prosopidis	Fungi	Ascomycota	Saccharomycetes	Saccharomycetales	Debaryomycetaceae	Debaryomyces	Debaryomyces prosopidis		0.0	1.0	1.0	622.371	267.7494	344.7063	0.0	0.0	0.0	144.8447	69.1163	71.753	0.0	1.0001	0.0	2.0	2.0005	0.9994
EU568917|SH1242848.10FU	Fungi;Ascomycota;Saccharomycetes;Saccharomycetales;Debaryomycetaceae;Debaryomycetaceae_gen_Incertae_sedis;Debaryomycetaceae_sp	Fungi	Ascomycota	Saccharomycetes	Saccharomycetales	Debaryomycetaceae	Debaryomycetaceae gen Incertae sedis	Debaryomycetaceae sp		0.0	0.0	0.0	0.0	0.0	1.0	0.0	0.0	0.0	0.0	0.0	0.0	0.0	0.0	0.0	0.0	0.0	0.0
AY939798|SH1245248.10FU	Fungi;Ascomycota;Saccharomycetes;Saccharomycetales;Saccharomycetales_fam_Incertae_sedis;Candida;Candida_parapsilosis	Fungi	Ascomycota	Saccharomycetes	Saccharomycetales	Saccharomycetales fam Incertae sedis	Candida	Candida parapsilosis		0.0	0.0	0.0	0.0	0.0	0.0	0.0	0.0	0.0	0.0	0.0	0.0	0.8596	0.0	0.0	1.0	0.0	0.0
UDB008996|SH1249118.10FU	Fungi;Basidiomycota;Agaricomycetes;Sebacinales;Sebacinaceae;Helvellosebacina;Helvellosebacina_sp	Fungi	Basidiomycota	Agaricomycetes	Sebacinales	Sebacinaceae	Helvellosebacina	Helvellosebacina sp		0.0	1.1714	0.0	1.2873	0.0201	0.0	0.0	0.0	0.0	0.0	0.0	0.0	0.0	0.0	0.0	0.0	0.0	0.0
AB365463|SH1249867.10FU	Fungi;Ascomycota;Saccharomycetes;Saccharomycetales;Debaryomycetaceae;Yamadazyma;Yamadazyma_tumulicola	Fungi	Ascomycota	Saccharomycetes	Saccharomycetales	Debaryomycetaceae	Yamadazyma	Yamadazyma tumulicola		1.225	0.0	2.0473	267.3482	95.5412	91.886	0.0	0.0	0.4495	4.5233	0.0	1.018	0.0	0.0	0.0	3.191	1.1411	0.6499
OL439237|SH1253108.10FU	Fungi;Ascomycota;Sordariomycetes;Hypocreales;Nectriaceae;Thyronectria;Thyronectria_ulmi	Fungi	Ascomycota	Sordariomycetes	Hypocreales	Nectriaceae	Thyronectria	Thyronectria ulmi		1.0802	0.0	1.3677	0.0	0.0	0.0	0.0	0.0	0.0	0.0	0.0	0.0	0.0	0.0	0.8623	0.0	0.0	0.0
KX650544|SH1261904.10FU	Fungi;Ascomycota;Dothideomycetes;Pleosporales;Cyclothyriellaceae;Cyclothyriella;Cyclothyriella_rubronotata	Fungi	Ascomycota	Dothideomycetes	Pleosporales	Cyclothyriellaceae	Cyclothyriella	Cyclothyriella rubronotata		0.0	0.0	0.0	0.9228	2.5001	2.1914	0.0	0.0	0.0	0.0	0.0	0.0	0.0	0.0	0.0	0.6086	0.0	0.0
OR295760|SH1262872.10FU	Fungi;Ascomycota;Saccharomycetes;Saccharomycetales;Metschnikowiaceae;Metschnikowia;Metschnikowia_sinensis	Fungi	Ascomycota	Saccharomycetes	Saccharomycetales	Metschnikowiaceae	Metschnikowia	Metschnikowia sinensis		0.0	0.0	0.0	0.0	0.0	0.0	0.0	0.0	0.0	0.0	0.0	0.0	1.1027	0.0	0.0	0.0	0.0122	0.0
FJ809871|SH1263115.10FU	Fungi;Ascomycota;Pezizomycetes;Pezizales;Tuberaceae;Tuber;Tuber_oregonense	Fungi	Ascomycota	Pezizomycetes	Pezizales	Tuberaceae	Tuber	Tuber oregonense		2.6433	0.7992	1.5636	3.5584	0.0	6.1919	0.0	0.0	0.0	0.0	0.0	0.0	1.3731	0.0	0.0	0.0	0.0	0.0
NR_155145|SH1263720.10FU	Fungi;Ascomycota;Saccharomycetes;Saccharomycetales;Dipodascaceae;Geotrichum;Geotrichum_ghanense	Fungi	Ascomycota	Saccharomycetes	Saccharomycetales	Dipodascaceae	Geotrichum	Geotrichum ghanense		0.0	0.0	0.0	99.8153	34.3125	43.4413	0.0	0.0	0.0	0.9987	0.0	0.0	0.0	0.0	0.0	0.0	0.0	2.0308
KT949914|SH1272920.10FU	Fungi;Ascomycota;Sordariomycetes;Amphisphaeriales;Sporocadaceae;Seiridium;Seiridium_marginatum	Fungi	Ascomycota	Sordariomycetes	Amphisphaeriales	Sporocadaceae	Seiridium	Seiridium marginatum		0.0	0.0	0.0	0.0	0.0	0.0	0.0	0.0	0.0	0.0	0.0	0.0	1.0002	2.8977	0.0	0.0	0.0	0.0
MF488990|SH1275123.10FU	Fungi;Ascomycota;Sordariomycetes;Xylariales;Barrmaeliaceae;Barrmaelia;Barrmaelia_rhamnicola	Fungi	Ascomycota	Sordariomycetes	Xylariales	Barrmaeliaceae	Barrmaelia	Barrmaelia rhamnicola		0.0	0.0	0.0	0.0	0.0	0.0	0.0	0.0	0.0	0.0	0.0	0.0	0.0	0.0	0.0	0.0	1.0	0.0
UDB016713|SH1283675.10FU	Fungi;Basidiomycota;Agaricomycetes;Thelephorales;Thelephoraceae;Thelephora;Thelephora_parmastoana	Fungi	Basidiomycota	Agaricomycetes	Thelephorales	Thelephoraceae	Thelephora	Thelephora parmastoana		0.0	0.0	1.3429	0.0	0.0	0.0	0.0	0.0	0.0	0.0	0.0	0.0	0.0	0.0	0.0	0.0	0.0	0.0
KX548361|SH0005002.10FU	Fungi;Ascomycota;Saccharomycetes;Saccharomycetales;Metschnikowiaceae;Clavispora;Clavispora_lusitaniae	Fungi	Ascomycota	Saccharomycetes	Saccharomycetales	Metschnikowiaceae	Clavispora	Clavispora lusitaniae		0.0	0.0	0.0	0.0	0.0	0.0	0.0	0.0	0.0	0.0	0.0	0.0	0.0	1.0	0.0	0.0	0.0	0.0
KP131851|SH0005010.10FU	Fungi;Ascomycota;Saccharomycetes;Saccharomycetales;Metschnikowiaceae;Clavispora;Clavispora_lusitaniae	Fungi	Ascomycota	Saccharomycetes	Saccharomycetales	Metschnikowiaceae	Clavispora	Clavispora lusitaniae		0.0	0.0	0.0	0.0	0.0	0.0	0.3466	0.0	0.0	0.0	0.0	0.0	0.0	0.0	0.0	0.0	0.0	0.0
JN872444|SH0010413.10FU	Fungi;Basidiomycota;Ustilaginomycetes;Ustilaginales;Ustilaginaceae;Ustilago;Ustilago_chloridis	Fungi	Basidiomycota	Ustilaginomycetes	Ustilaginales	Ustilaginaceae	Ustilago	Ustilago chloridis		1.0001	0.0	0.0	0.0	0.0	0.0	0.0	0.0	0.0	0.0	0.0	0.0	0.0	0.0	0.0	0.0	0.0	0.0
DQ069005|SH0015832.10FU	Fungi;Ascomycota;Ascomycota_cls_Incertae_sedis;Ascomycota_ord_Incertae_sedis;Ascomycota_fam_Incertae_sedis;Ascomycota_gen_Incertae_sedis;Ascomycota_sp	Fungi	Ascomycota	Ascomycota cls Incertae sedis	Ascomycota ord Incertae sedis	Ascomycota fam Incertae sedis	Ascomycota gen Incertae sedis	Ascomycota sp		0.0	0.0	0.0	0.0	1.316	0.0	0.0	0.0	0.0	0.0	0.0	0.0	0.0	0.0	0.0	0.0	0.0	0.0
OQ689632|SH0020831.10FU	Fungi;Ascomycota;Saccharomycetes;Saccharomycetales;Saccharomycetaceae;Saccharomyces;Saccharomyces_cerevisiae	Fungi	Ascomycota	Saccharomycetes	Saccharomycetales	Saccharomycetaceae	Saccharomyces	Saccharomyces cerevisiae		0.0	0.0	0.0	0.0	0.0	0.0	0.0	0.0	0.0	0.0	0.0	0.0	0.0	0.0	0.0	1.0	0.0	0.0
OP795958|SH0020832.10FU	Fungi;Ascomycota;Saccharomycetes;Saccharomycetales;Saccharomycetaceae;Saccharomyces;Saccharomyces_cerevisiae	Fungi	Ascomycota	Saccharomycetes	Saccharomycetales	Saccharomycetaceae	Saccharomyces	Saccharomyces cerevisiae		0.0	0.0	0.0	0.0	0.0	0.0	1.4759	0.0	0.0	0.0	0.0	0.0	0.0	0.0	0.0	0.0	0.0	0.0
KU535597|SH0020834.10FU	Fungi;Ascomycota;Saccharomycetes;Saccharomycetales;Saccharomycetaceae;Saccharomyces;Saccharomyces_cerevisiae	Fungi	Ascomycota	Saccharomycetes	Saccharomycetales	Saccharomycetaceae	Saccharomyces	Saccharomyces cerevisiae		0.0	0.0	0.0	0.0	0.0	0.0	0.0	0.0	0.0	0.0	0.0	0.0	0.0	0.0	0.0	1.3666	0.0	0.0
KX023223|SH0020837.10FU	Fungi;Ascomycota;Saccharomycetes;Saccharomycetales;Saccharomycetaceae;Saccharomyces;Saccharomyces_cerevisiae	Fungi	Ascomycota	Saccharomycetes	Saccharomycetales	Saccharomycetaceae	Saccharomyces	Saccharomyces cerevisiae		0.0	0.0	0.0	0.0	0.0	0.0	0.9572	0.0	0.0	0.0	0.0	0.0	0.0	0.0	0.0	0.0	0.0	0.0
KC515370|SH0020841.10FU	Fungi;Ascomycota;Saccharomycetes;Saccharomycetales;Saccharomycetaceae;Saccharomyces;Saccharomyces_cerevisiae	Fungi	Ascomycota	Saccharomycetes	Saccharomycetales	Saccharomycetaceae	Saccharomyces	Saccharomyces cerevisiae		0.0	0.0	0.0	0.0	0.0	0.0	1.0001	1.0	0.0	0.0	0.0	0.0	0.0	0.0	0.0	0.0	0.8968	1.0003
MK044064|SH0020843.10FU	Fungi;Ascomycota;Saccharomycetes;Saccharomycetales;Saccharomycetaceae;Saccharomyces;Saccharomyces_cerevisiae	Fungi	Ascomycota	Saccharomycetes	Saccharomycetales	Saccharomycetaceae	Saccharomyces	Saccharomyces cerevisiae		0.0	0.0	0.0	0.0	0.0	0.0	0.0	0.0	0.0	0.0	0.0	0.0	0.0	0.0	0.0	0.0	1.0	0.0
MZ476184|SH0020849.10FU	Fungi;Ascomycota;Saccharomycetes;Saccharomycetales;Saccharomycetaceae;Saccharomyces;Saccharomyces_cerevisiae	Fungi	Ascomycota	Saccharomycetes	Saccharomycetales	Saccharomycetaceae	Saccharomyces	Saccharomyces cerevisiae		0.0	0.0	0.0	0.0	0.0	0.0	0.1555	0.0	0.0	0.0	0.0	0.0	0.0	0.0	0.0	0.0	0.0	0.0
OQ137214|SH0020850.10FU	Fungi;Ascomycota;Saccharomycetes;Saccharomycetales;Saccharomycetaceae;Saccharomyces;Saccharomyces_cerevisiae	Fungi	Ascomycota	Saccharomycetes	Saccharomycetales	Saccharomycetaceae	Saccharomyces	Saccharomyces cerevisiae		0.0	0.0	0.0	0.0	0.0	0.0	0.0	0.0	0.0	0.0	0.0	0.0	0.0	0.0	0.0	0.0	1.0241	0.0
MT136560|SH0020855.10FU	Fungi;Ascomycota;Saccharomycetes;Saccharomycetales;Saccharomycetaceae;Saccharomyces;Saccharomyces_cerevisiae	Fungi	Ascomycota	Saccharomycetes	Saccharomycetales	Saccharomycetaceae	Saccharomyces	Saccharomyces cerevisiae		0.0	0.0	0.0	0.0	0.0	0.0	0.0	1.037	0.0	0.0	0.0	0.0	0.0	0.0	0.0	0.0	3.2787	1.0
MH534922|SH0020857.10FU	Fungi;Ascomycota;Saccharomycetes;Saccharomycetales;Saccharomycetaceae;Saccharomyces;Saccharomyces_cerevisiae	Fungi	Ascomycota	Saccharomycetes	Saccharomycetales	Saccharomycetaceae	Saccharomyces	Saccharomyces cerevisiae		0.0	0.0	0.0	0.0	0.0	0.0	0.0	1.0002	0.0	0.0	0.0	0.0	0.0	0.0	0.0	0.8512	0.8368	0.0
KM504287|SH0020858.10FU	Fungi;Ascomycota;Saccharomycetes;Saccharomycetales;Saccharomycetaceae;Saccharomyces;Saccharomyces_cerevisiae	Fungi	Ascomycota	Saccharomycetes	Saccharomycetales	Saccharomycetaceae	Saccharomyces	Saccharomyces cerevisiae		0.0	0.0	0.0	0.0	0.0	0.0	0.0	0.0	0.0	0.0	0.0	0.0	0.0	0.0	0.0	1.0	0.0	0.0
MH973620|SH0020859.10FU	Fungi;Ascomycota;Saccharomycetes;Saccharomycetales;Saccharomycetaceae;Saccharomyces;Saccharomyces_cerevisiae	Fungi	Ascomycota	Saccharomycetes	Saccharomycetales	Saccharomycetaceae	Saccharomyces	Saccharomyces cerevisiae		0.0	0.0	0.0	0.0	0.0	0.0	0.0	0.0	0.0	0.0	0.0	1.0008	0.0	0.0	0.0	0.0	0.0	0.0
LC776911|SH0020862.10FU	Fungi;Ascomycota;Saccharomycetes;Saccharomycetales;Saccharomycetaceae;Saccharomyces;Saccharomyces_cerevisiae	Fungi	Ascomycota	Saccharomycetes	Saccharomycetales	Saccharomycetaceae	Saccharomyces	Saccharomyces cerevisiae		0.0	0.0	0.0	0.0	0.0	0.0	0.0	0.0	0.0	0.0	0.0	1.0	0.0	0.0	0.0	0.0	0.0	0.0
OP764056|SH0020866.10FU	Fungi;Ascomycota;Saccharomycetes;Saccharomycetales;Saccharomycetaceae;Saccharomyces;Saccharomyces_cerevisiae	Fungi	Ascomycota	Saccharomycetes	Saccharomycetales	Saccharomycetaceae	Saccharomyces	Saccharomyces cerevisiae		0.0	0.0	0.0	0.0	0.0	0.0	0.0	0.0	0.0	0.0	0.0	0.0	1.0	0.0	0.0	1.0014	0.0	0.0
OP764055|SH0020867.10FU	Fungi;Ascomycota;Saccharomycetes;Saccharomycetales;Saccharomycetaceae;Saccharomyces;Saccharomyces_cerevisiae	Fungi	Ascomycota	Saccharomycetes	Saccharomycetales	Saccharomycetaceae	Saccharomyces	Saccharomyces cerevisiae		0.0	0.0	0.0	0.0	0.0	0.0	0.0	0.0	0.0	0.0	0.0	0.0	0.0	0.0	0.0	0.0	1.0	0.0
KX905280|SH0020870.10FU	Fungi;Ascomycota;Saccharomycetes;Saccharomycetales;Saccharomycetaceae;Saccharomyces;Saccharomyces_cerevisiae	Fungi	Ascomycota	Saccharomycetes	Saccharomycetales	Saccharomycetaceae	Saccharomyces	Saccharomyces cerevisiae		0.0	0.0	0.0	0.0	0.0	0.0	0.0	1.0017	0.0	0.0	0.0	0.0	0.0	0.0	0.0	0.2694	0.0	0.9825
MT374237|SH0020871.10FU	Fungi;Ascomycota;Saccharomycetes;Saccharomycetales;Saccharomycetaceae;Saccharomyces;Saccharomyces_cerevisiae	Fungi	Ascomycota	Saccharomycetes	Saccharomycetales	Saccharomycetaceae	Saccharomyces	Saccharomyces cerevisiae		0.0	0.0	0.0	0.0	0.0	0.0	0.0	0.0	0.0	0.0	1.0028	0.0	0.0	0.0	0.0	1.0	0.0	1.0023
MT136559|SH0020875.10FU	Fungi;Ascomycota;Saccharomycetes;Saccharomycetales;Saccharomycetaceae;Saccharomyces;Saccharomyces_cerevisiae	Fungi	Ascomycota	Saccharomycetes	Saccharomycetales	Saccharomycetaceae	Saccharomyces	Saccharomyces cerevisiae		0.0	0.0	0.0	0.0	0.0	0.0	0.0	0.0	0.0	0.0	0.0	0.0	0.0	0.0	0.0	1.0006	0.0	1.0
OQ085079|SH0020877.10FU	Fungi;Ascomycota;Saccharomycetes;Saccharomycetales;Saccharomycetaceae;Saccharomyces;Saccharomyces_cerevisiae	Fungi	Ascomycota	Saccharomycetes	Saccharomycetales	Saccharomycetaceae	Saccharomyces	Saccharomyces cerevisiae		0.0	0.0	0.0	0.0	0.0	0.0	0.0	0.0	0.0	0.0	0.0	0.0	0.0	0.0	0.0	0.0	0.0	0.0175
OQ137208|SH0020887.10FU	Fungi;Ascomycota;Saccharomycetes;Saccharomycetales;Saccharomycetaceae;Saccharomyces;Saccharomyces_cerevisiae	Fungi	Ascomycota	Saccharomycetes	Saccharomycetales	Saccharomycetaceae	Saccharomyces	Saccharomyces cerevisiae		0.0	0.0	0.0	0.0	0.0	0.0	0.0	0.0	0.0	0.0	0.0	1.0	0.0	0.0	0.0	0.0	0.0	1.0
MK070839|SH0020888.10FU	Fungi;Ascomycota;Saccharomycetes;Saccharomycetales;Saccharomycetaceae;Saccharomyces;Saccharomyces_cerevisiae	Fungi	Ascomycota	Saccharomycetes	Saccharomycetales	Saccharomycetaceae	Saccharomyces	Saccharomyces cerevisiae		0.0	0.0	0.0	0.0	0.0	0.0	0.0	0.0	0.0	0.0	1.5007	1.0045	0.0	0.0	0.0	0.0	0.0	0.0
OW986476|SH0020889.10FU	Fungi;Ascomycota;Saccharomycetes;Saccharomycetales;Saccharomycetaceae;Saccharomyces;Saccharomyces_cerevisiae	Fungi	Ascomycota	Saccharomycetes	Saccharomycetales	Saccharomycetaceae	Saccharomyces	Saccharomyces cerevisiae		0.0	0.0	0.0	0.0	0.0	0.0	0.0	0.0	0.0	0.0	0.0	0.0	0.0	0.0	0.0	0.0	0.0	1.0
MK602319|SH0020891.10FU	Fungi;Ascomycota;Saccharomycetes;Saccharomycetales;Saccharomycetaceae;Saccharomyces;Saccharomyces_cerevisiae	Fungi	Ascomycota	Saccharomycetes	Saccharomycetales	Saccharomycetaceae	Saccharomyces	Saccharomyces cerevisiae		0.0	0.0	0.0	0.0	0.0	0.0	0.0	0.9998	1.0003	1.0	0.0	0.0	0.0	0.0	0.0	0.0	0.0	0.0
KT953349|SH0020893.10FU	Fungi;Ascomycota;Saccharomycetes;Saccharomycetales;Saccharomycetaceae;Saccharomyces;Saccharomyces_cerevisiae	Fungi	Ascomycota	Saccharomycetes	Saccharomycetales	Saccharomycetaceae	Saccharomyces	Saccharomyces cerevisiae		0.0	0.0	0.0	0.0	0.0	0.0	0.0	0.0	0.0	0.0	0.0	0.0	0.0	0.0	0.0	1.0	0.0	0.0
MK680912|SH0020894.10FU	Fungi;Ascomycota;Saccharomycetes;Saccharomycetales;Saccharomycetaceae;Saccharomyces;Saccharomyces_cerevisiae	Fungi	Ascomycota	Saccharomycetes	Saccharomycetales	Saccharomycetaceae	Saccharomyces	Saccharomyces cerevisiae		0.0	0.0	0.0	0.0	0.0	0.0	1.0287	0.0	0.0	0.0	0.0	0.0	0.0	0.0	0.0	0.633	1.0003	0.0
KX905278|SH0020897.10FU	Fungi;Ascomycota;Saccharomycetes;Saccharomycetales;Saccharomycetaceae;Saccharomyces;Saccharomyces_cerevisiae	Fungi	Ascomycota	Saccharomycetes	Saccharomycetales	Saccharomycetaceae	Saccharomyces	Saccharomyces cerevisiae		0.0	0.0	0.0	0.0	0.0	0.0	0.0	0.0	0.0	0.0	1.0	0.0	0.0	0.0	0.0	1.7428	0.0	0.0
MK352043|SH0022962.10FU	Fungi;Ascomycota;Saccharomycetes;Saccharomycetales;Metschnikowiaceae;Metschnikowia;Metschnikowia_pulcherrima	Fungi	Ascomycota	Saccharomycetes	Saccharomycetales	Metschnikowiaceae	Metschnikowia	Metschnikowia pulcherrima		0.0	0.0	0.0	0.0	0.0	0.0	0.0	0.0	0.0	0.0	0.0	0.0	0.0	0.0	0.0	0.0	0.0115	0.0
MN371857|SH0022966.10FU	Fungi;Ascomycota;Saccharomycetes;Saccharomycetales;Metschnikowiaceae;Metschnikowia;Metschnikowia_pulcherrima	Fungi	Ascomycota	Saccharomycetes	Saccharomycetales	Metschnikowiaceae	Metschnikowia	Metschnikowia pulcherrima		0.0	1.0001	1.0043	0.0	0.0	0.0	0.0	0.0	0.0	0.0	0.0	0.0	0.0	1.3184	1.0001	0.0	0.0	0.0
KU240634|SH0022967.10FU	Fungi;Ascomycota;Saccharomycetes;Saccharomycetales;Metschnikowiaceae;Metschnikowia;Metschnikowia_sp	Fungi	Ascomycota	Saccharomycetes	Saccharomycetales	Metschnikowiaceae	Metschnikowia	Metschnikowia sp		2043.9486	1719.3814	3431.5509	0.4355	4.6485	2.0373	1184.3905	749.8348	600.2376	2.9832	0.0	3.8445	6042.8359	4998.3314	2400.0298	19.7948	19.7171	5.3099
OP663257|SH0022968.10FU	Fungi;Ascomycota;Saccharomycetes;Saccharomycetales;Metschnikowiaceae;Metschnikowia;Metschnikowia_sp	Fungi	Ascomycota	Saccharomycetes	Saccharomycetales	Metschnikowiaceae	Metschnikowia	Metschnikowia sp		1.0056	0.0	0.0	0.0	0.0	0.0	0.0	0.0	0.0	0.0	0.0	0.0	0.0	0.0	0.0	0.0	0.0	0.0
KU240637|SH0022969.10FU	Fungi;Ascomycota;Saccharomycetes;Saccharomycetales;Metschnikowiaceae;Metschnikowia;Metschnikowia_pulcherrima	Fungi	Ascomycota	Saccharomycetes	Saccharomycetales	Metschnikowiaceae	Metschnikowia	Metschnikowia pulcherrima		0.0	0.0	0.0	0.0	0.0	0.0	0.0	0.0	0.0	0.0	0.0	0.0	1.2011	0.0	0.0	0.0	0.0	0.0
KT758329|SH0022970.10FU	Fungi;Ascomycota;Saccharomycetes;Saccharomycetales;Metschnikowiaceae;Metschnikowia;Metschnikowia_pulcherrima	Fungi	Ascomycota	Saccharomycetes	Saccharomycetales	Metschnikowiaceae	Metschnikowia	Metschnikowia pulcherrima		1.111	2.8529	3.1666	0.0	0.0	0.0	1.256	1.1594	1.0248	0.0	0.0	0.0	15.9046	9.5103	5.4858	0.0	0.0	0.0
MN796595|SH0022972.10FU	Fungi;Ascomycota;Saccharomycetes;Saccharomycetales;Metschnikowiaceae;Metschnikowia;Metschnikowia_sp	Fungi	Ascomycota	Saccharomycetes	Saccharomycetales	Metschnikowiaceae	Metschnikowia	Metschnikowia sp		0.0	0.0	0.0	0.0	0.0	1.0	0.0	0.0	0.0	0.0	0.0	0.0	0.0	0.0	0.0	0.0	0.0	0.0
JX188181|SH0022973.10FU	Fungi;Ascomycota;Saccharomycetes;Saccharomycetales;Metschnikowiaceae;Metschnikowia;Metschnikowia_sp	Fungi	Ascomycota	Saccharomycetes	Saccharomycetales	Metschnikowiaceae	Metschnikowia	Metschnikowia sp		0.0	0.0	0.0	0.0	0.0	0.0	0.0	0.0	0.3513	0.0	0.0	0.0	0.0	0.0	0.0	0.0	0.0	0.0
MK352017|SH0022974.10FU	Fungi;Ascomycota;Saccharomycetes;Saccharomycetales;Metschnikowiaceae;Metschnikowia;Metschnikowia_pulcherrima	Fungi	Ascomycota	Saccharomycetes	Saccharomycetales	Metschnikowiaceae	Metschnikowia	Metschnikowia pulcherrima		0.0	0.0	0.0	0.0	0.0	0.0	0.0	0.0	0.0	0.0	0.0	0.0	0.0	0.0	0.0	0.0	0.0116	0.0
OK052449|SH0022975.10FU	Fungi;Ascomycota;Saccharomycetes;Saccharomycetales;Pichiaceae;Pichia;Pichia_mandshurica	Fungi	Ascomycota	Saccharomycetes	Saccharomycetales	Pichiaceae	Pichia	Pichia mandshurica		0.0	0.0	0.0	0.0	0.0	0.0	0.0	0.0	0.0	0.0	0.0	0.0	1.0	0.0	0.0	0.0	0.0	0.0
KT758307|SH0022978.10FU	Fungi;Ascomycota;Saccharomycetes;Saccharomycetales;Metschnikowiaceae;Metschnikowia;Metschnikowia_pulcherrima	Fungi	Ascomycota	Saccharomycetes	Saccharomycetales	Metschnikowiaceae	Metschnikowia	Metschnikowia pulcherrima		0.0	0.0	0.0	0.0	0.0	0.0	0.0	0.0	0.0	0.0	0.0	0.0	2.0186	0.0	0.0	0.0	0.0	0.0
MT988180|SH0022981.10FU	Fungi;Ascomycota;Saccharomycetes;Saccharomycetales;Metschnikowiaceae;Metschnikowia;Metschnikowia_sp	Fungi	Ascomycota	Saccharomycetes	Saccharomycetales	Metschnikowiaceae	Metschnikowia	Metschnikowia sp		0.0	0.0	0.0	0.0	0.0	0.0	0.0	0.0	0.0	0.0	0.0	0.0	1.0	0.0	1.0	0.0	0.0	0.0
KU240607|SH0022982.10FU	Fungi;Ascomycota;Saccharomycetes;Saccharomycetales;Metschnikowiaceae;Metschnikowia;Metschnikowia_sp	Fungi	Ascomycota	Saccharomycetes	Saccharomycetales	Metschnikowiaceae	Metschnikowia	Metschnikowia sp		1.6952	0.0	0.0	0.0	0.0	0.0	0.0	0.0	0.0	0.0	0.0	0.0	0.0	0.0	0.0	0.0	0.0	0.0
HQ905441|SH0022984.10FU	Fungi;Ascomycota;Saccharomycetes;Saccharomycetes_ord_Incertae_sedis;Saccharomycetes_fam_Incertae_sedis;Saccharomycetes_gen_Incertae_sedis;Saccharomycetes_sp	Fungi	Ascomycota	Saccharomycetes	Saccharomycetes ord Incertae sedis	Saccharomycetes fam Incertae sedis	Saccharomycetes gen Incertae sedis	Saccharomycetes sp		1.2808	0.0	0.0	0.0	0.0	0.0	0.0	0.0	0.0	0.0	0.0	0.0	0.0	0.0	0.0	0.0	0.0	0.0
MK352034|SH0022986.10FU	Fungi;Ascomycota;Saccharomycetes;Saccharomycetales;Metschnikowiaceae;Metschnikowia;Metschnikowia_pulcherrima	Fungi	Ascomycota	Saccharomycetes	Saccharomycetales	Metschnikowiaceae	Metschnikowia	Metschnikowia pulcherrima		0.0	0.0	0.0	0.0	0.0	0.0	0.0	0.0	0.0	0.0	0.0	0.0	0.9991	0.0	0.0	0.0	0.0	0.0
MW332073|SH0096459.10FU	Fungi;Basidiomycota;Microbotryomycetes;Sporidiobolales;Sporidiobolaceae;Rhodotorula;Rhodotorula_babjevae	Fungi	Basidiomycota	Microbotryomycetes	Sporidiobolales	Sporidiobolaceae	Rhodotorula	Rhodotorula babjevae		0.0	0.0	0.78	0.0	0.0	0.0	0.0	0.0	0.0	0.0	0.0	0.0	0.0	0.0	0.0	0.0	0.0	0.0
KF667083|SH0096461.10FU	Fungi;Fungi_phy_Incertae_sedis;Fungi_cls_Incertae_sedis;Fungi_ord_Incertae_sedis;Fungi_fam_Incertae_sedis;Fungi_gen_Incertae_sedis;Fungi_sp	Fungi	Fungi phy Incertae sedis	Fungi cls Incertae sedis	Fungi ord Incertae sedis	Fungi fam Incertae sedis	Fungi gen Incertae sedis	Fungi sp		0.0	0.0	1.1343	0.0	0.0	0.0	0.0	0.0	0.0	2.0304	0.0	0.0	0.0	0.0	0.0	0.0	0.0	0.0
EF060496|SH0096470.10FU	Fungi;Basidiomycota;Microbotryomycetes;Sporidiobolales;Sporidiobolales_fam_Incertae_sedis;Sporidiobolales_gen_Incertae_sedis;Sporidiobolales_sp	Fungi	Basidiomycota	Microbotryomycetes	Sporidiobolales	Sporidiobolales fam Incertae sedis	Sporidiobolales gen Incertae sedis	Sporidiobolales sp		2.6421	2.8383	2.1232	0.0	0.0	0.0	0.0	0.0	0.0	1.0014	0.0	0.0	0.0	0.0	0.0	0.0	0.0	0.0
MW668474|SH0096474.10FU	Fungi;Basidiomycota;Microbotryomycetes;Sporidiobolales;Sporidiobolaceae;Rhodotorula;Rhodotorula_glutinis	Fungi	Basidiomycota	Microbotryomycetes	Sporidiobolales	Sporidiobolaceae	Rhodotorula	Rhodotorula glutinis		0.0	1.0	0.0	0.0	0.0	0.0	0.0	0.0	0.0	1.0	1.0	0.0	0.0	0.0	0.0	0.0	0.0	0.0
OQ073533|SH0096480.10FU	Fungi;Basidiomycota;Microbotryomycetes;Sporidiobolales;Sporidiobolaceae;Rhodotorula;Rhodotorula_sp	Fungi	Basidiomycota	Microbotryomycetes	Sporidiobolales	Sporidiobolaceae	Rhodotorula	Rhodotorula sp		1.0003	0.0	0.0	0.0	0.0	0.0	0.0	0.0	0.0	0.0	0.0	0.0	0.0	0.0	0.0	0.0	0.0	0.0
FJ008054|SH0096504.10FU	Fungi;Basidiomycota;Microbotryomycetes;Sporidiobolales;Sporidiobolaceae;Rhodotorula;Rhodotorula_evergladensis	Fungi	Basidiomycota	Microbotryomycetes	Sporidiobolales	Sporidiobolaceae	Rhodotorula	Rhodotorula evergladensis		0.0	0.0	0.0	0.0	0.0	0.0	0.0	0.0	0.0	0.0	0.0	1.0	0.0	0.0	0.0	0.0	0.0	0.0
MK394149|SH0101343.10FU	Fungi;Ascomycota;Saccharomycetes;Saccharomycetales;Saccharomycetales_fam_Incertae_sedis;Candida;Candida_sp	Fungi	Ascomycota	Saccharomycetes	Saccharomycetales	Saccharomycetales fam Incertae sedis	Candida	Candida sp		0.0	0.0	0.0	0.0	0.0	0.0	0.9766	0.0	0.0	0.0	0.0	0.0	0.0	0.0	0.0	0.0	0.0	0.0
KM115044|SH0103699.10FU	Fungi;Ascomycota;Saccharomycetes;Saccharomycetales;Debaryomycetaceae;Debaryomyces;Debaryomyces_hansenii	Fungi	Ascomycota	Saccharomycetes	Saccharomycetales	Debaryomycetaceae	Debaryomyces	Debaryomyces hansenii		0.0	0.0	0.0	0.0	0.0	3.0001	0.0	0.0	0.0	0.0	0.0	0.0	0.0	0.0	0.0	0.0	0.0	0.0
OR295681|SH0115236.10FU	Fungi;Ascomycota;Saccharomycetes;Saccharomycetales;Metschnikowiaceae;Metschnikowia;Metschnikowia_chrysoperlae	Fungi	Ascomycota	Saccharomycetes	Saccharomycetales	Metschnikowiaceae	Metschnikowia	Metschnikowia chrysoperlae		0.0	0.0	0.8923	0.0	0.0	0.0	0.0	0.0	0.0	0.0	0.0	0.0	1.0002	0.0	0.0	0.0	0.0	0.0
AY188383|SH0132306.10FU	Fungi;Ascomycota;Saccharomycetes;Saccharomycetales;Metschnikowiaceae;Metschnikowia;Metschnikowia_reukaufii	Fungi	Ascomycota	Saccharomycetes	Saccharomycetales	Metschnikowiaceae	Metschnikowia	Metschnikowia reukaufii		0.0	0.0	0.0	0.0	0.0	0.0	0.0	0.0	0.0	0.0	0.0	0.0	1.0	0.0	1.0	0.0	0.0	0.0
EF060703|SH0141336.10FU	Fungi;Basidiomycota;Microbotryomycetes;Sporidiobolales;Sporidiobolales_fam_Incertae_sedis;Sporidiobolales_gen_Incertae_sedis;Sporidiobolales_sp	Fungi	Basidiomycota	Microbotryomycetes	Sporidiobolales	Sporidiobolales fam Incertae sedis	Sporidiobolales gen Incertae sedis	Sporidiobolales sp		2.5631	6.8659	12.7641	0.0	0.0	0.0	0.0	0.0	0.8482	0.0	2.0735	0.0247	0.0	0.0	0.0	0.0	0.0	0.0
EF060881|SH0141337.10FU	Fungi;Basidiomycota;Microbotryomycetes;Sporidiobolales;Sporidiobolales_fam_Incertae_sedis;Sporidiobolales_gen_Incertae_sedis;Sporidiobolales_sp	Fungi	Basidiomycota	Microbotryomycetes	Sporidiobolales	Sporidiobolales fam Incertae sedis	Sporidiobolales gen Incertae sedis	Sporidiobolales sp		5.0553	3.5622	5.3267	0.0	0.0	0.0	0.0	0.0	0.0	4.0704	0.0	2.0204	0.0	0.0	0.0	0.0	0.0	0.0
MN371899|SH0158247.10FU	Fungi;Ascomycota;Saccharomycetes;Saccharomycetales;Saccharomycodaceae;Hanseniaspora;Hanseniaspora_uvarum	Fungi	Ascomycota	Saccharomycetes	Saccharomycetales	Saccharomycodaceae	Hanseniaspora	Hanseniaspora uvarum		0.0	0.0	0.0	0.0	0.0	0.0	0.0	0.0	0.0	0.0	0.0	0.0	1.0	0.0	0.0	0.0	0.0	0.0
MN556598|SH0158249.10FU	Fungi;Ascomycota;Saccharomycetes;Saccharomycetales;Saccharomycodaceae;Hanseniaspora;Hanseniaspora_uvarum	Fungi	Ascomycota	Saccharomycetes	Saccharomycetales	Saccharomycodaceae	Hanseniaspora	Hanseniaspora uvarum		0.0	0.0	0.0	0.0	0.0	0.0	0.0	0.0	0.0	0.0	0.0	0.0	1.0106	0.0	0.0	0.0	0.0	0.0
MG776369|SH0166082.10FU	Fungi;Ascomycota;Saccharomycetes;Saccharomycetales;Dipodascaceae;Dipodascus;Dipodascus_sp	Fungi	Ascomycota	Saccharomycetes	Saccharomycetales	Dipodascaceae	Dipodascus	Dipodascus sp		0.0	0.0	0.0	2.1716	1.179	0.0	0.0	0.0	0.0	0.0	0.0	0.0	0.0	0.0	0.0	0.0	0.0	0.0
MG938522|SH0166085.10FU	Fungi;Ascomycota;Saccharomycetes;Saccharomycetales;Dipodascaceae;Dipodascus;Dipodascus_sp	Fungi	Ascomycota	Saccharomycetes	Saccharomycetales	Dipodascaceae	Dipodascus	Dipodascus sp		0.0	0.0	0.0	3.1457	3.3844	2.8689	0.0	0.0	0.0	0.0	0.0	0.0	0.0	0.0	0.0	0.0	0.0	2.008
MG776366|SH0166086.10FU	Fungi;Ascomycota;Saccharomycetes;Saccharomycetales;Dipodascaceae;Dipodascus;Dipodascus_sp	Fungi	Ascomycota	Saccharomycetes	Saccharomycetales	Dipodascaceae	Dipodascus	Dipodascus sp		0.0	0.0	0.0	1.0462	0.0	0.0	0.0	0.0	0.0	0.0	0.0	0.0	0.0	0.0	0.0	0.0	0.0	0.0
MG938523|SH0166088.10FU	Fungi;Ascomycota;Saccharomycetes;Saccharomycetales;Dipodascaceae;Dipodascus;Dipodascus_sp	Fungi	Ascomycota	Saccharomycetes	Saccharomycetales	Dipodascaceae	Dipodascus	Dipodascus sp		0.0	0.0	0.0	6.5257	2.4855	1.1384	0.0	0.0	0.0	0.0	0.0	0.0	0.0	0.0	0.0	0.0	0.0	1.0004
MH153600|SH0166090.10FU	Fungi;Ascomycota;Saccharomycetes;Saccharomycetales;Dipodascaceae;Dipodascus;Dipodascus_sp	Fungi	Ascomycota	Saccharomycetes	Saccharomycetales	Dipodascaceae	Dipodascus	Dipodascus sp		0.0	0.0	0.0	13.6141	8.6889	4.7831	0.0	0.0	0.0	0.0	0.0	0.0	0.0	0.0	0.0	0.0	0.0	0.0
MG776358|SH0166091.10FU	Fungi;Ascomycota;Saccharomycetes;Saccharomycetales;Dipodascaceae;Dipodascus;Dipodascus_sp	Fungi	Ascomycota	Saccharomycetes	Saccharomycetales	Dipodascaceae	Dipodascus	Dipodascus sp		0.0	0.0	0.0	1.2379	0.0	0.0	0.0	0.0	0.0	0.0	0.0	0.0	0.0	0.0	0.0	0.0	0.0	0.0
MG776373|SH0166092.10FU	Fungi;Ascomycota;Saccharomycetes;Saccharomycetales;Dipodascaceae;Dipodascus;Dipodascus_sp	Fungi	Ascomycota	Saccharomycetes	Saccharomycetales	Dipodascaceae	Dipodascus	Dipodascus sp		0.0	0.0	0.0	3.6062	0.0	0.8602	0.0	0.0	0.0	0.0	0.0	0.0	0.0	0.0	0.0	0.0	0.0	0.0
MG776360|SH0166093.10FU	Fungi;Ascomycota;Saccharomycetes;Saccharomycetales;Dipodascaceae;Dipodascus;Dipodascus_sp	Fungi	Ascomycota	Saccharomycetes	Saccharomycetales	Dipodascaceae	Dipodascus	Dipodascus sp		0.0	0.0	0.0	0.0	0.0	1.0264	0.0	0.0	0.0	0.0	0.0	0.0	0.0	0.0	0.0	0.0	0.0	0.0
MG776370|SH0166094.10FU	Fungi;Ascomycota;Saccharomycetes;Saccharomycetales;Dipodascaceae;Dipodascus;Dipodascus_sp	Fungi	Ascomycota	Saccharomycetes	Saccharomycetales	Dipodascaceae	Dipodascus	Dipodascus sp		0.0	0.0	0.0	0.0	0.0	1.9236	0.0	0.0	0.0	0.0	0.0	0.0	0.0	0.0	0.0	0.0	0.0	0.0
KY106030|SH0171298.10FU	Fungi;Ascomycota;Saccharomycetes;Saccharomycetales;Saccharomycetaceae;Zygosaccharomyces;Zygosaccharomyces_bisporus	Fungi	Ascomycota	Saccharomycetes	Saccharomycetales	Saccharomycetaceae	Zygosaccharomyces	Zygosaccharomyces bisporus		0.0	0.0	0.0	0.0	0.0	0.0	0.0	0.0	0.0	0.0	0.0	0.0	0.0	0.0	0.0	1.0	0.0	0.0
KJ908839|SH0182872.10FU	Fungi;Basidiomycota;Microbotryomycetes;Sporidiobolales;Sporidiobolaceae;Rhodotorula;Rhodotorula_sp	Fungi	Basidiomycota	Microbotryomycetes	Sporidiobolales	Sporidiobolaceae	Rhodotorula	Rhodotorula sp		0.0	0.7854	0.0	0.0	0.0	0.0	0.0	0.0	0.0	0.0	0.0	0.0	0.0	0.0	0.0	0.0	0.0	0.0
KX516026|SH0182873.10FU	Fungi;Fungi_phy_Incertae_sedis;Fungi_cls_Incertae_sedis;Fungi_ord_Incertae_sedis;Fungi_fam_Incertae_sedis;Fungi_gen_Incertae_sedis;Fungi_sp	Fungi	Fungi phy Incertae sedis	Fungi cls Incertae sedis	Fungi ord Incertae sedis	Fungi fam Incertae sedis	Fungi gen Incertae sedis	Fungi sp		0.0	0.2192	0.0	0.0	0.0	0.0	0.0	0.0	0.0	0.0	0.0	0.0	0.0	0.0	0.0	0.0	0.0	0.0
KP714328|SH0182874.10FU	Fungi;Basidiomycota;Microbotryomycetes;Sporidiobolales;Sporidiobolaceae;Rhodotorula;Rhodotorula_glutinis	Fungi	Basidiomycota	Microbotryomycetes	Sporidiobolales	Sporidiobolaceae	Rhodotorula	Rhodotorula glutinis		0.0	0.0923	1.0444	0.0	0.0	0.0	0.0	0.0	0.0	0.0	0.0	0.0	0.0	0.0	0.0	0.0	0.0	0.0
KM519634|SH0182876.10FU	Fungi;Basidiomycota;Microbotryomycetes;Sporidiobolales;Sporidiobolaceae;Rhodotorula;Rhodotorula_graminis	Fungi	Basidiomycota	Microbotryomycetes	Sporidiobolales	Sporidiobolaceae	Rhodotorula	Rhodotorula graminis		0.0	0.0	1.0245	0.0	0.0	0.0	0.0	0.0	0.0	0.0	0.0	0.0	0.0	0.0	0.0	0.0	0.0	0.0
OM049516|SH0182881.10FU	Fungi;Basidiomycota;Microbotryomycetes;Sporidiobolales;Sporidiobolaceae;Rhodotorula;Rhodotorula_glutinis	Fungi	Basidiomycota	Microbotryomycetes	Sporidiobolales	Sporidiobolaceae	Rhodotorula	Rhodotorula glutinis		1.0113	0.0	1.2473	0.0	0.0	0.0	0.0	0.0	0.0	0.0	0.0	0.0	0.0	0.0	0.0	0.0	0.0	0.0
KP326401|SH0182882.10FU	Fungi;Basidiomycota;Microbotryomycetes;Sporidiobolales;Sporidiobolaceae;Rhodotorula;Rhodotorula_sp	Fungi	Basidiomycota	Microbotryomycetes	Sporidiobolales	Sporidiobolaceae	Rhodotorula	Rhodotorula sp		1.0	0.0	0.0	0.0	0.0	0.0	0.0	0.0	0.0	0.0	0.0	0.0	0.0	0.0	0.0	0.0	0.0	0.0
KP053243|SH0185095.10FU	Fungi;Ascomycota;Saccharomycetes;Saccharomycetales;Saccharomycodaceae;Hanseniaspora;Hanseniaspora_uvarum	Fungi	Ascomycota	Saccharomycetes	Saccharomycetales	Saccharomycodaceae	Hanseniaspora	Hanseniaspora uvarum		0.0	0.0	0.0	0.0	0.0	0.0	0.0	0.0	0.0	0.0	0.0	0.0	0.0	0.0	0.0	1.0	0.0	0.0
KT899471|SH0186201.10FU	Fungi;Ascomycota;Sordariomycetes;Hypocreales;Nectriaceae;Fusarium;Fusarium_solani	Fungi	Ascomycota	Sordariomycetes	Hypocreales	Nectriaceae	Fusarium	Fusarium solani		0.0	0.0	0.0	0.0	0.0	0.0	0.0	0.0	0.0	0.0	0.0	0.0	0.1815	0.0	0.0	0.0	0.0	0.0
MN371849|SH0186494.10FU	Fungi;Ascomycota;Saccharomycetes;Saccharomycetales;Metschnikowiaceae;Metschnikowia;Metschnikowia_pulcherrima	Fungi	Ascomycota	Saccharomycetes	Saccharomycetales	Metschnikowiaceae	Metschnikowia	Metschnikowia pulcherrima		1.0	0.0	0.0	0.0	0.0	0.0	0.0	0.0	0.0	0.0	0.0	0.0	0.0	0.0	0.0	0.0	0.0	0.0
OP663251|SH0186495.10FU	Fungi;Ascomycota;Saccharomycetes;Saccharomycetales;Metschnikowiaceae;Metschnikowia;Metschnikowia_pulcherrima	Fungi	Ascomycota	Saccharomycetes	Saccharomycetales	Metschnikowiaceae	Metschnikowia	Metschnikowia pulcherrima		0.0	0.0	0.0	0.0	0.0	0.0	0.0	0.0	0.0	0.0	0.0	0.0	0.0	0.0	1.0	0.0	0.0	0.0
KF057618|SH0186499.10FU	Fungi;Fungi_phy_Incertae_sedis;Fungi_cls_Incertae_sedis;Fungi_ord_Incertae_sedis;Fungi_fam_Incertae_sedis;Fungi_gen_Incertae_sedis;Fungi_sp	Fungi	Fungi phy Incertae sedis	Fungi cls Incertae sedis	Fungi ord Incertae sedis	Fungi fam Incertae sedis	Fungi gen Incertae sedis	Fungi sp		0.0	0.0	1.0576	0.0	0.0	0.0	0.0	0.0	0.0	0.0	0.0	0.0	0.0	0.0	0.0	0.0	0.0224	0.0
OR295747|SH0186500.10FU	Fungi;Ascomycota;Saccharomycetes;Saccharomycetales;Metschnikowiaceae;Metschnikowia;Metschnikowia_pulcherrima	Fungi	Ascomycota	Saccharomycetes	Saccharomycetales	Metschnikowiaceae	Metschnikowia	Metschnikowia pulcherrima		0.0	0.0	0.0	0.0	0.0	0.0	1.0109	0.0	0.0	0.0	0.0	0.0	0.4239	0.0	0.0	0.0	0.0	0.0
MZ622714|SH0186501.10FU	Fungi;Ascomycota;Saccharomycetes;Saccharomycetales;Metschnikowiaceae;Metschnikowia;Metschnikowia_sp	Fungi	Ascomycota	Saccharomycetes	Saccharomycetales	Metschnikowiaceae	Metschnikowia	Metschnikowia sp		0.0	0.0	0.0	0.0	0.0	0.0	0.0	0.804	0.0	0.0	0.0	0.0	0.0	0.0	0.0	1.0034	0.0	0.0
FJ172528|SH0186504.10FU	Fungi;Ascomycota;Saccharomycetes;Saccharomycetales;Metschnikowiaceae;Metschnikowia;Metschnikowia_pulcherrima	Fungi	Ascomycota	Saccharomycetes	Saccharomycetales	Metschnikowiaceae	Metschnikowia	Metschnikowia pulcherrima		0.9092	0.0	0.0	0.0	0.0	0.0	0.0	0.0	0.0	0.0	0.0	0.0	0.0	0.0	0.0	0.0	0.0934	0.0
OP663286|SH0186507.10FU	Fungi;Ascomycota;Saccharomycetes;Saccharomycetales;Metschnikowiaceae;Metschnikowia;Metschnikowia_sp	Fungi	Ascomycota	Saccharomycetes	Saccharomycetales	Metschnikowiaceae	Metschnikowia	Metschnikowia sp		0.0	0.0	0.0	0.0	0.0	0.0	0.0	0.0	1.1565	0.0	0.0	0.0	0.0	0.0	0.0	0.0	0.0	0.0
MN622825|SH0186510.10FU	Fungi;Ascomycota;Saccharomycetes;Saccharomycetales;Metschnikowiaceae;Metschnikowia;Metschnikowia_pulcherrima	Fungi	Ascomycota	Saccharomycetes	Saccharomycetales	Metschnikowiaceae	Metschnikowia	Metschnikowia pulcherrima		1.0609	1.2062	1.0596	0.0	0.0	0.0	0.7829	0.0	0.0	0.0	0.0	0.0	4.0636	1.3309	1.7353	0.0	0.2358	0.0
MN796586|SH0186511.10FU	Fungi;Ascomycota;Saccharomycetes;Saccharomycetales;Metschnikowiaceae;Metschnikowia;Metschnikowia_sinensis	Fungi	Ascomycota	Saccharomycetes	Saccharomycetales	Metschnikowiaceae	Metschnikowia	Metschnikowia sinensis		0.0	0.0	2.0	0.0	0.0	0.0	0.0	0.0	1.0	0.0	0.0	0.0	0.0	0.0	0.0	0.0	0.0	0.0
MH594220|SH0186512.10FU	Fungi;Ascomycota;Saccharomycetes;Saccharomycetales;Metschnikowiaceae;Metschnikowia;Metschnikowia_pulcherrima	Fungi	Ascomycota	Saccharomycetes	Saccharomycetales	Metschnikowiaceae	Metschnikowia	Metschnikowia pulcherrima		0.0	0.0	1.0001	0.0	0.0	0.0	0.0	0.0	0.0	0.0	0.0	0.0	0.0	0.0	2.0023	0.0	0.0	0.018
HQ857739|SH0186513.10FU	Fungi;Ascomycota;Saccharomycetes;Saccharomycetales;Metschnikowiaceae;Metschnikowia;Metschnikowia_pulcherrima	Fungi	Ascomycota	Saccharomycetes	Saccharomycetales	Metschnikowiaceae	Metschnikowia	Metschnikowia pulcherrima		0.0	0.0	0.0	0.0	0.0	0.0	0.0	0.0	0.0	0.0	0.0	0.0	0.0	0.0	0.0	0.0	0.0	0.982
MN556580|SH0186514.10FU	Fungi;Ascomycota;Saccharomycetes;Saccharomycetales;Metschnikowiaceae;Metschnikowia;Metschnikowia_pulcherrima	Fungi	Ascomycota	Saccharomycetes	Saccharomycetales	Metschnikowiaceae	Metschnikowia	Metschnikowia pulcherrima		0.0	1.03	0.0	0.0	0.0	0.0	0.0	0.0	0.0	0.0	0.0	0.0	1.9958	0.0	1.0005	0.0	0.0	0.0
OR584277|SH0186516.10FU	Fungi;Ascomycota;Saccharomycetes;Saccharomycetales;Metschnikowiaceae;Metschnikowia;Metschnikowia_chrysoperlae	Fungi	Ascomycota	Saccharomycetes	Saccharomycetales	Metschnikowiaceae	Metschnikowia	Metschnikowia chrysoperlae		0.0	0.0	0.0	0.0	0.0	0.0	1.0091	1.0024	0.0	0.0	0.0	0.0	0.0	0.0	0.0	0.0	0.0	0.0
OQ184060|SH0194622.10FU	Fungi;Ascomycota;Saccharomycetes;Saccharomycetales;Metschnikowiaceae;Metschnikowiaceae_gen_Incertae_sedis;Metschnikowiaceae_sp	Fungi	Ascomycota	Saccharomycetes	Saccharomycetales	Metschnikowiaceae	Metschnikowiaceae gen Incertae sedis	Metschnikowiaceae sp		3.037	1.0396	9.8124	0.0	0.0	0.0	3.295	2.0511	0.0	0.0	0.0	0.0	0.0	0.0	0.0	0.0	0.0	0.0
