barcode	mean length	median length	bad count	good count	total count
MockF_2_T3	1521.84023556231	1564.0	0	15792	15792
MockB_2_T1	1207.6616328024895	1162.0	0	21852	21852
MockF_2_T2	1527.8486772486772	1567.0	0	10395	10395
MockC_2_T1	1286.6733075968564	1195.5	0	14506	14506
MockD_2_T1	1379.5623034115654	1360.0	0	12399	12399
MockE_2_T1	1091.8224238775158	1049.0	0	23252	23252
MockA_2_T3	1107.204528582034	1061.0	0	24246	24246
MockA_2_T2	1112.6585175552666	1061.0	0	11535	11535
MockB_2_T2	1226.7587646994175	1166.0	0	9099	9099
MockF_2_T1	1531.18253537794	1572.5	0	20281	20281
MockB_2_T3	1233.5462109955424	1173.0	0	10095	10095
MockC_2_T3	1298.7913009301717	1275.0	0	7633	7633
MockC_2_T2	1312.5215230142162	1383.0	0	10059	10059
MockD_2_T3	1417.0171317555635	1373.0	0	11324	11324
MockD_2_T2	1419.020238095238	1371.0	0	8400	8400
MockE_2_T2	1086.5172838239819	1050.0	0	19498	19498
MockE_2_T3	1094.6929613043978	1048.0	0	8709	8709
MockA_2_T1	1103.1544128268092	1058.0	0	13846	13846
